gc hospital,hn,sn,,gc factory,hn,sn,,cargc,hn,sn
20111005,20160922,20120716,,2/9/2006,6/21/2017,6/25/1997,,8/26/2009,4/22/2014,10/20/2009
20111020,20170403,20030317,,11/30/2012,6/21/2011,11/5/2014,,1/9/2002,5/24/2011,4/19/2011
20120127,20161021,20060807,,7/12/2010,10/24/2014,12/12/2003,,6/25/2008,9/27/2016,4/20/1976
20030424,20160518,20160829,,2/8/2006,3/3/2015,7/27/2010,,8/16/2006,3/31/1994,3/21/2005
20080916,20170217,20161115,,1/4/2010,2/25/2011,12/23/1997,,10/25/2005,11/7/2016,7/31/2004
20140901,20160816,20170809,,6/16/2009,11/13/2012,1/24/2008,,3/20/2017,5/30/2008,12/29/2008
20130508,20150702,20170914,,6/11/1994,10/11/2016,3/31/2015,,12/3/2015,1/9/1998,11/10/2014
20090910,20160727,20040204,,2/16/2004,1/27/2016,6/26/2006,,6/20/2016,7/5/2005,6/10/2016
20040402,20160112,20160105,,1/28/2011,2/19/2013,9/5/2017,,11/5/2009,3/7/2008,3/20/1999
20061114,20161103,20140508,,2/8/2011,12/7/2011,1/5/2012,,9/8/1997,12/17/2012,6/26/2015
20070601,20160803,20131202,,7/12/2012,5/21/2013,11/30/1994,,5/27/2011,6/21/2017,12/8/2014
19851203,20161221,20131125,,3/12/2010,9/30/2003,6/26/2001,,4/3/2004,2/14/2012,1/4/2006
20121226,20180313,20130910,,6/11/1994,5/18/2010,2/14/2006,,4/27/2011,1/2/2015,6/19/1998
19990406,20171215,20120713,,2/9/2007,8/9/2017,8/6/1998,,5/24/2011,1/10/2012,9/3/2010
19991104,20180221,20120504,,5/1/2014,8/19/2015,12/11/1998,,9/4/2006,7/2/2013,9/23/2011
20030607,20171221,19811119,,3/21/2013,1/14/2011,5/31/1995,,6/10/2010,5/26/2011,3/17/2011
20070321,20161221,19980328,,2/23/2011,1/31/2013,6/7/2013,,7/30/2008,5/22/2012,11/23/2012
20130925,20180116,19950324,,6/11/1994,11/27/2017,5/14/1998,,6/14/2011,12/3/1999,2/14/2004
19890207,20180305,20040303,,6/11/1994,5/19/2010,8/7/2017,,9/21/2009,9/22/1998,11/26/1998
19900804,20160908,20000226,,3/19/2014,2/4/2016,3/5/2004,,12/31/2007,1/20/1999,11/19/2007
19860425,20171128,20030415,,7/18/2017,8/11/2017,2/22/2013,,3/2/2017,12/14/1999,4/18/2003
20020103,20160307,20060201,,1/12/2018,2/27/2015,5/30/2007,,7/7/2016,1/15/1998,7/21/1998
20030130,20160929,20000226,,6/27/2013,8/6/2014,5/18/2005,,5/2/2011,6/19/2006,10/2/1998
20140723,20160104,20101004,,11/15/2006,10/21/2011,4/22/2011,,10/23/2014,6/25/2004,12/16/1998
20081224,20160729,20100111,,,10/18/2017,6/16/2017,,7/23/2015,2/18/1999,3/24/2017
20140714,20160823,20050217,,,10/17/2012,7/25/2013,,7/25/2008,1/30/2013,12/24/2008
20100201,20160526,20061115,,,11/14/2011,1/10/2011,,9/3/2010,12/14/1998,8/6/1997
20010426,20140709,20040608,,,3/28/2011,2/27/1997,,6/17/2011,11/2/2009,11/24/1998
20070425,20161103,20060112,,,7/20/2011,1/13/2001,,6/25/2008,5/1/2004,6/10/2016
19850119,20151023,20060131,,,11/1/2017,4/7/2008,,7/16/2014,11/24/2015,9/11/2012
20160512,20160530,20060215,,,3/22/2007,3/24/1998,,6/20/2016,12/14/1998,3/20/2008
20010416,20161004,20020509,,,12/30/2011,10/17/2000,,4/27/2011,8/24/1999,12/31/2015
20090721,20180301,20020516,,,11/9/2010,6/17/1994,,7/7/2016,2/12/2009,6/23/2016
20020807,20000609,20020924,,,9/8/2015,9/3/1994,,7/16/2009,1/20/1999,9/5/2011
20031101,20010616,20021211,,,2/21/2012,5/11/1995,,7/16/2014,8/16/2011,10/9/1998
20070927,20100512,19950801,,,9/6/2013,6/8/2004,,11/25/2002,5/31/2011,5/2/2003
20160818,20171124,19960227,,,1/3/2017,1/26/1999,,7/24/2004,5/8/2000,2/3/1999
20150212,20030429,19960311,,,2/23/1995,12/24/2009,,2/13/2008,2/1/2004,3/6/1999
20150212,20160826,19960417,,,8/27/2009,7/18/2001,,2/5/2008,2/17/2014,9/9/2000
20140211,20160921,19970409,,,11/5/2014,3/19/1999,,2/10/2017,2/28/2013,6/30/1998
20020221,20170320,19980423,,,6/7/2012,3/15/2014,,4/6/2016,5/9/2011,4/21/2014
19850202,20150618,20060224,,,10/1/2009,1/29/2008,,10/1/2007,3/3/1998,2/18/2000
19860507,20160922,20060224,,,6/7/2012,3/12/2001,,2/15/2007,10/5/2016,4/10/2006
19900625,20161004,20061228,,,1/17/1997,3/9/2015,,5/6/2011,3/10/2000,11/17/1998
19910422,20160420,20031017,,,5/24/2012,4/12/1999,,9/17/2002,12/8/2006,2/20/2002
19940222,20150817,20040205,,,3/11/2011,5/15/2012,,7/6/2011,4/28/1998,9/3/2003
,20050526,20040316,,,8/9/2017,1/19/2007,,,12/28/2016,9/14/2004
,20170207,20170602,,,12/20/2017,7/20/1998,,,6/21/2017,12/3/1998
,,20170612,,,10/18/2017,5/12/2010,,,12/22/2005,12/27/2012
,,20170228,,,11/14/2017,4/28/2014,,,3/16/1999,10/31/2014
,,20170602,,,7/6/1994,2/24/2015,,,5/13/2000,3/5/2009
,,20150519,,,3/3/1997,9/7/2011,,,2/12/1999,5/25/1999
,,20150908,,,8/19/2011,11/20/2012,,,7/8/2015,2/13/2001
,,20160510,,,7/3/2000,3/25/2002,,,9/9/2015,10/26/1998
,,20010904,,,2/17/2012,7/15/2015,,,12/18/2007,1/16/2009
,,20020130,,,5/29/2006,9/14/1994,,,12/14/1998,8/29/1998
,,20020219,,,10/12/2009,1/13/2015,,,12/24/1999,10/9/1998
,,19940311,,,3/24/2014,5/14/2010,,,8/1/2002,3/24/2004
,,19940316,,,5/8/1991,9/2/1998,,,5/21/2004,7/30/1998
,,19940810,,,12/14/2001,3/29/2000,,,12/4/1998,3/16/2006
,,19940901,,,4/17/2017,6/19/2003,,,5/8/2006,2/28/2001
,,19950328,,,9/26/2016,1/26/2007,,,12/13/2016,8/4/2010
,,20050105,,,4/15/2011,7/20/2017,,,10/11/2012,10/2/1998
,,19980716,,,5/12/2016,4/15/2014,,,10/9/1998,7/27/2011
,,19990908,,,12/22/2009,4/14/2010,,,5/21/2015,5/16/2006
,,19990921,,,4/26/2011,4/11/2002,,,3/17/2011,12/18/1998
,,19991025,,,12/26/2017,2/10/2012,,,10/10/2002,8/6/2014
,,20000421,,,10/24/2012,6/27/1998,,,8/22/2008,3/26/1998
,,20000424,,,6/7/2012,2/18/2002,,,11/11/2014,7/4/2008
,,20070213,,,3/9/2018,3/23/2017,,,12/14/1998,12/28/2016
,,19901113,,,12/8/2015,11/11/1995,,,8/8/2008,3/13/2004
,,20041222,,,8/7/2000,2/23/2009,,,11/5/2010,11/7/1998
,,20050106,,,7/13/1989,11/13/1995,,,12/27/2000,8/21/2002
,,20050415,,,12/18/2013,2/23/1999,,,10/28/2010,4/4/2000
,,20010115,,,9/27/2011,12/16/2005,,,2/9/2010,11/17/2010
,,20010421,,,6/21/2011,12/23/1995,,,7/30/2013,3/28/2012
,,20010430,,,12/16/2016,6/3/2015,,,8/20/1999,7/8/1996
,,20010724,,,10/24/2016,6/7/2017,,,8/24/1999,11/23/2011
,,20020530,,,10/29/2013,7/25/2012,,,1/26/1999,10/28/2009
,,20020612,,,2/16/2012,5/11/2009,,,8/4/2009,9/7/2000
,,20020615,,,4/19/2012,12/10/2004,,,6/20/2016,10/1/1998
,,20021010,,,7/14/1998,5/8/2002,,,10/28/2016,7/23/2007
,,20021019,,,8/18/2016,11/13/2013,,,9/8/2016,5/30/2017
,,20021031,,,11/16/2011,9/4/2015,,,1/20/2012,12/22/1999
,,20030212,,,8/9/2007,1/21/2013,,,4/14/2010,8/2/2003
,,20030304,,,4/26/2011,7/18/2011,,,3/2/2009,6/16/2006
,,19850911,,,12/1/1995,6/25/2009,,,2/28/2013,9/4/1998
,,19861104,,,8/10/2016,5/31/2011,,,10/21/1998,9/14/1998
,,19870221,,,5/18/2011,11/2/2004,,,2/10/2012,5/13/1999
,,19870805,,,3/31/2014,1/15/2009,,,7/19/1999,4/6/1999
,,19871228,,,10/8/2001,10/15/2002,,,8/7/2004,5/15/2012
,,20021226,,,3/29/2011,3/18/2004,,,12/14/1998,6/22/2004
,,20040731,,,5/18/2011,6/24/2010,,,10/27/1999,12/7/1999
,,20071108,,,4/8/2011,6/14/2003,,,12/14/1998,9/22/1998
,,20060102,,,3/21/2012,1/3/2000,,,11/21/2004,8/25/2015
,,20060417,,,12/10/2011,7/3/2017,,,2/9/2015,9/15/1998
,,20001006,,,6/10/2011,12/29/2015,,,9/11/1999,3/3/2015
,,20010219,,,11/27/2012,4/17/1999,,,2/5/1995,8/2/2000
,,20010402,,,5/16/2013,12/1/1999,,,8/11/2015,10/7/2003
,,20010424,,,3/29/2011,5/30/2014,,,4/5/2007,5/20/2003
,,20010518,,,3/13/2013,4/13/2006,,,3/15/2002,2/6/2006
,,20010705,,,3/26/2001,5/11/2012,,,7/21/2008,9/1/1998
,,20010803,,,3/14/2011,2/16/1996,,,8/25/2016,11/17/1998
,,20011112,,,5/8/1991,1/19/2016,,,11/7/2012,12/22/1999
,,20080303,,,6/1/2013,1/31/2007,,,10/8/2012,1/14/1999
,,19950406,,,3/8/1996,10/17/1994,,,6/10/2013,10/1/1998
,,20050715,,,8/3/2016,1/27/2010,,,8/21/2015,10/7/2008
,,20060103,,,5/30/2011,7/28/2008,,,10/26/2015,1/23/2007
,,19980701,,,4/1/2011,2/12/1996,,,2/16/1998,1/15/2002
,,19990221,,,3/30/2009,5/14/2010,,,10/22/1997,9/24/2004
,,19990324,,,9/13/2001,4/9/2012,,,11/15/1997,9/1/1999
,,19990820,,,12/27/1999,1/27/2010,,,4/30/2012,10/12/2000
,,20000113,,,4/30/1994,4/7/2011,,,9/16/2013,5/22/2004
,,19910225,,,8/1/2013,1/18/2016,,,9/22/2004,12/16/2011
,,19920213,,,11/21/2014,7/31/2006,,,12/3/1999,5/12/2005
,,19920504,,,7/28/2015,4/4/2013,,,12/14/1998,11/12/1998
,,19931204,,,8/9/2016,9/12/2008,,,6/18/2012,6/5/1999
,,20040423,,,2/6/2007,6/10/1996,,,10/7/2010,4/7/1997
,,20040831,,,5/20/2011,1/23/1995,,,3/23/1998,11/4/1998
,,20041025,,,9/6/2010,4/7/2009,,,1/9/2015,6/22/2004
,,20000303,,,9/20/2011,6/25/2015,,,8/3/2015,3/22/2011
,,19970520,,,6/24/2011,2/23/1999,,,10/26/2016,9/1/2003
,,19940310,,,6/30/2011,9/11/1998,,,11/17/2003,11/7/1998
,,20060426,,,8/16/2011,3/4/2016,,,11/1/2007,3/27/2012
,,20041125,,,,4/3/2015,,,6/9/2010,11/17/1998
,,20021127,,,4/2/2001,9/6/1994,,,6/10/2005,4/26/2011
,,20030109,,,8/19/2011,1/26/1999,,,10/18/2010,4/17/2003
,,19940314,,,10/9/2015,12/27/1994,,,2/5/1999,1/16/2008
,,20021004,,,12/17/2014,12/2/2009,,,5/25/2016,12/15/2011
,,19990403,,,1/29/2013,1/23/1998,,,11/29/2006,7/19/2006
,,19930830,,,5/11/2010,7/25/2012,,,4/9/2012,3/13/2013
,,19960215,,,5/28/2015,1/21/2013,,,6/19/2006,7/25/2006
,,19960913,,,3/28/1997,6/30/1997,,,5/4/2000,9/27/1994
,,19961021,,,8/18/2010,12/13/2013,,,12/17/2009,4/28/2006
,,19970630,,,10/30/2014,12/4/2007,,,3/2/2004,11/17/2016
,,19971103,,,1/7/2014,2/23/2010,,,12/10/1998,12/9/1999
,,19980302,,,6/24/2013,5/3/1997,,,5/10/1997,8/7/2012
,,20070406,,,6/30/2016,7/21/2009,,,4/7/2000,7/21/2005
,,20070420,,,10/7/2013,5/12/2010,,,7/2/2013,10/26/1998
,,20070601,,,3/12/2013,1/25/1997,,,7/6/2010,12/3/1998
,,20071008,,,3/23/2012,4/18/1995,,,5/11/2016,4/11/2002
,,20080526,,,6/7/2012,12/24/2012,,,12/2/2009,9/15/1998
,,19890428,,,12/21/2010,11/6/2013,,,12/14/1998,11/20/2001
,,19890501,,,12/14/2010,2/24/2000,,,6/23/2014,9/3/2014
,,20040416,,,5/24/2012,12/22/2010,,,12/21/2010,5/17/1999
,,20041227,,,6/13/2013,5/10/2016,,,12/24/1999,10/22/2002
,,20060630,,,9/26/2011,5/23/2016,,,10/8/2014,1/16/2012
,,20080429,,,2/10/2015,5/25/2016,,,6/20/2013,9/23/1998
,,20040731,,,11/23/2007,2/10/2012,,,9/6/2011,6/21/2006
,,20051014,,,12/23/2014,4/11/2017,,,5/13/2015,11/20/2003
,,19930830,,,9/19/2014,10/17/2001,,,12/14/2011,1/18/2006
,,19930810,,,2/17/2012,1/7/1998,,,6/25/2003,2/12/2007
,,20010628,,,11/27/2012,9/5/2017,,,6/10/1999,2/21/2000
,,20020910,,,1/28/2009,5/4/2009,,,12/24/1998,6/28/2012
,,20010510,,,2/9/2012,4/2/2014,,,8/24/1999,6/11/1998
,,20020218,,,12/7/2006,10/29/1997,,,1/4/2011,11/24/2016
,,20050204,,,2/10/2009,12/18/2014,,,3/3/2014,2/24/2015
,,20060417,,,3/22/2011,7/8/2016,,,12/13/2012,7/6/1998
,,19990622,,,3/3/2010,11/22/1997,,,8/4/2016,9/15/1998
,,20001226,,,8/10/2009,4/24/2000,,,6/25/2013,11/11/1998
,,20020826,,,12/8/2008,7/21/1999,,,10/16/2007,6/11/1981
,,20020910,,,11/6/2013,1/21/2015,,,5/22/1998,2/28/2002
,,20040330,,,2/16/2011,6/4/1999,,,6/27/2014,10/18/2011
,,20071001,,,6/28/2011,6/18/2001,,,6/8/2006,6/19/1998
,,20080303,,,11/17/1997,6/10/1989,,,10/27/2003,2/11/1999
,,20021127,,,8/18/1997,4/9/2010,,,6/8/2011,9/24/2012
,,20060410,,,6/3/2016,8/27/1999,,,11/27/2008,7/15/2008
,,20010517,,,6/10/2011,1/4/1979,,,11/25/2005,3/29/2002
,,20040825,,,3/23/2018,8/19/1998,,,4/16/1998,12/19/1999
,,19980725,,,3/13/2012,11/28/2005,,,8/26/2002,3/5/2010
,,19970214,,,6/15/2011,8/17/1992,,,,3/14/2002
,,19980228,,,4/15/2011,6/21/2000,,,,7/27/2011
,,20060801,,,8/11/2014,2/23/2016,,,,12/1/2006
,,19980418,,,3/22/2011,3/13/2013,,,,9/16/2005
,,19980511,,,6/22/2000,12/16/1998,,,,8/23/2002
,,20080222,,,11/27/2013,6/26/2013,,,,7/28/2011
,,20030317,,,6/10/2011,10/15/2015,,,,3/25/1999
,,20030512,,,3/30/2012,1/13/2015,,,,6/18/2009
,,20000303,,,3/16/2018,6/28/2012,,,,4/2/2015
,,20020820,,,3/13/2012,5/26/2011,,,,6/19/1998
,,20031027,,,6/3/2011,4/7/2004,,,,5/30/2011
,,20021018,,,3/15/2012,1/24/2008,,,,11/27/1999
,,19920713,,,10/24/1990,6/9/2001,,,,5/23/2007
,,19920213,,,7/13/2002,9/29/1998,,,,3/16/2006
,,19820617,,,10/1/2015,1/27/1997,,,,10/26/1998
,,19850503,,,8/9/2000,5/13/1999,,,,1/5/2011
,,19910312,,,11/21/1991,6/10/2015,,,,1/28/2000
,,19910713,,,9/9/2011,1/1/1998,,,,12/23/1999
,,19910708,,,1/20/2015,10/27/2017,,,,12/19/2001
,,19920124,,,8/23/1994,4/13/1994,,,,5/13/1999
,,19920601,,,5/12/2011,8/22/1998,,,,8/29/1998
,,19930515,,,4/17/2017,11/24/1999,,,,6/23/1999
,,20050221,,,6/22/1994,1/8/2001,,,,1/29/2002
,,20021011,,,6/22/2010,3/3/2017,,,,9/3/2002
,,19941006,,,7/7/2009,2/15/2007,,,,2/8/1988
,,19960513,,,5/1/2013,5/2/2002,,,,11/25/2002
,,20050718,,,6/22/2009,2/9/2000,,,,2/20/2001
,,20001226,,,2/26/2008,1/5/1994,,,,11/12/1998
,,19940422,,,12/30/2011,9/5/2000,,,,3/19/2013
,,20050801,,,5/27/2008,6/21/2000,,,,2/24/2006
,,19950406,,,4/14/2004,7/27/2001,,,,8/7/2001
,,19930803,,,7/18/2016,4/3/2001,,,,7/9/2004
,,19940420,,,1/1/1998,2/9/2017,,,,2/15/2005
,,20010727,,,9/17/2009,2/9/2014,,,,12/16/1998
,,20080402,,,10/22/2013,3/21/2000,,,,1/4/2011
,,20080609,,,3/28/2011,2/14/2003,,,,3/15/2000
,,20060529,,,3/11/2015,5/29/1999,,,,12/19/2006
,,20060703,,,3/30/2009,1/30/2001,,,,7/19/2001
,,20070326,,,1/29/2010,8/25/2016,,,,6/11/2012
,,19940909,,,3/23/2011,10/16/1996,,,,11/6/1998
,,20010302,,,7/6/1994,5/19/1992,,,,11/10/2005
,,20090504,,,4/8/2010,4/6/1996,,,,7/11/2000
,,20090302,,,12/21/2001,11/22/2013,,,,5/25/2012
,,19980214,,,8/16/2017,7/23/2013,,,,1/14/1999
,,19930706,,,1/6/2012,6/7/2017,,,,11/11/1998
,,20040521,,,3/18/2015,1/27/2010,,,,6/11/2015
,,20060110,,,8/4/2015,2/12/2007,,,,12/21/2009
,,20020711,,,12/30/2008,6/9/2016,,,,12/27/2010
,,20010530,,,4/23/2012,4/16/2013,,,,2/3/2003
,,19990206,,,8/20/2012,8/20/2004,,,,2/11/1999
,,20070104,,,5/26/2016,5/30/2014,,,,4/13/2006
,,20021109,,,5/8/1991,1/14/2013,,,,5/25/2000
,,20010802,,,11/3/2017,8/5/1996,,,,1/15/2008
,,20030603,,,5/1/2012,3/16/2016,,,,1/15/2008
,,19941231,,,3/14/2011,7/9/2002,,,,1/19/2010
,,19990121,,,3/26/2018,9/6/2010,,,,9/23/1998
,,20030317,,,2/13/2011,3/9/2018,,,,11/17/2014
,,19860125,,,3/28/1996,12/13/2001,,,,1/21/1999
,,19870226,,,6/9/2004,3/4/2016,,,,5/12/2000
,,19870320,,,4/29/2010,5/10/2016,,,,6/18/1999
,,19891030,,,3/15/2017,1/13/1998,,,,1/30/2003
,,19951204,,,3/19/2013,6/11/1997,,,,8/31/2009
,,20020409,,,2/2/2015,8/29/2014,,,,7/22/2015
,,19940525,,,1/12/2017,10/16/2014,,,,8/1/2001
,,20070503,,,5/14/2013,1/14/1998,,,,7/27/1998
,,20030122,,,3/24/2014,6/25/2015,,,,4/9/2012
,,20021004,,,3/3/2014,4/19/2007,,,,5/8/2007
,,20080219,,,1/6/2012,2/8/2010,,,,4/8/2004
,,20120201,,,4/19/2017,6/3/2011,,,,9/8/1998
,,20150910,,,3/22/2011,6/27/1998,,,,9/8/1998
,,19910313,,,4/11/2013,5/11/2012,,,,4/7/2005
,,20160823,,,11/6/2015,4/14/2004,,,,9/23/1998
,,20160817,,,6/21/2011,12/13/2016,,,,7/30/1999
,,20161202,,,8/14/2014,1/30/2001,,,,7/21/2003
,,19950228,,,6/14/2013,11/21/1994,,,,3/13/2004
,,20140122,,,7/8/2011,4/3/2001,,,,8/9/2006
,,20060901,,,4/5/2016,7/29/1996,,,,9/19/2000
,,20140124,,,2/24/2014,3/18/2015,,,,1/11/2000
,,20110930,,,4/26/2012,5/22/2003,,,,4/6/1999
,,20111201,,,10/25/2011,7/22/2010,,,,10/6/1999
,,20120110,,,3/28/2011,3/8/2013,,,,3/6/1999
,,20111108,,,3/10/2011,11/29/2005,,,,7/11/1998
,,19900411,,,9/8/2010,8/8/2000,,,,8/27/2013
,,19900511,,,4/6/2012,1/23/2017,,,,11/7/2016
,,20080418,,,9/5/2014,4/14/2011,,,,9/22/1998
,,20031107,,,6/29/2011,11/7/2016,,,,12/5/2007
,,20070716,,,10/18/2017,5/30/2007,,,,8/17/1998
,,20031101,,,5/15/2009,10/21/1992,,,,11/19/2014
,,20000327,,,10/22/2003,12/29/1999,,,,10/21/2005
,,19760602,,,2/9/2009,9/9/2008,,,,11/28/2008
,,20170328,,,5/27/2000,4/11/2017,,,,4/4/2000
,,20170405,,,5/2/2011,6/29/1996,,,,2/18/2000
,,20090209,,,5/15/1998,10/20/1999,,,,10/6/1999
,,20061206,,,4/29/2010,12/31/1998,,,,1/27/1999
,,20070102,,,2/25/2010,7/31/2006,,,,8/24/2000
,,20080530,,,11/6/2017,3/24/2005,,,,3/5/2003
,,20130618,,,11/27/2009,10/24/2001,,,,5/14/2014
,,20130603,,,3/3/2017,9/3/2002,,,,7/28/2015
,,19990515,,,9/6/2013,1/26/1999,,,,11/22/1999
,,19950415,,,6/21/2011,5/29/2017,,,,7/22/2003
,,20030707,,,12/21/2012,8/31/2011,,,,12/3/1998
,,20071108,,,2/11/2010,8/2/2014,,,,12/5/1998
,,20060821,,,5/23/1991,11/2/1999,,,,8/23/1994
,,20070102,,,1/26/2017,10/31/2017,,,,7/3/2006
,,20081226,,,11/28/2008,2/25/2013,,,,2/2/2000
,,20110112,,,1/4/2017,9/13/2012,,,,6/14/2001
,,20110223,,,12/23/2010,1/13/2015,,,,2/8/2012
,,20110228,,,12/30/2014,3/3/1995,,,,10/22/1998
,,19940314,,,7/29/1998,1/23/1995,,,,6/30/1998
,,20130409,,,9/8/1999,10/20/1990,,,,10/26/1998
,,20040214,,,8/19/2015,8/18/2017,,,,7/6/1998
,,20070531,,,7/7/2017,2/20/2003,,,,10/30/2001
,,20130318,,,1/23/2009,1/24/2006,,,,6/11/2003
,,20110722,,,2/17/2012,10/29/2008,,,,11/10/2001
,,20110728,,,2/25/2013,2/14/2006,,,,7/11/1998
,,20110627,,,7/8/2016,2/22/2000,,,,11/7/1998
,,20110801,,,6/29/2011,5/19/2016,,,,7/22/2008
,,20110906,,,2/13/2014,1/4/2017,,,,3/16/2006
,,20110907,,,10/16/2014,1/19/2018,,,,8/21/2006
,,20100128,,,3/30/2007,7/2/2008,,,,7/20/2010
,,20030211,,,9/3/1994,5/19/2004,,,,12/11/2015
,,19920221,,,3/29/2017,6/21/1995,,,,4/24/2015
,,20100218,,,5/13/2014,12/7/2005,,,,3/20/2009
,,19930326,,,9/3/1974,3/21/2002,,,,2/12/2009
,,20100224,,,12/15/2017,6/15/2005,,,,11/4/1998
,,20100407,,,4/24/2012,9/14/2006,,,,5/28/2014
,,20100405,,,8/9/2007,9/16/2014,,,,6/29/2009
,,20140408,,,9/6/2013,9/29/2005,,,,12/20/2003
,,19921230,,,7/7/2010,3/31/2012,,,,8/19/2016
,,20140331,,,11/25/2008,11/28/2003,,,,10/31/2014
,,20010510,,,9/1/2011,3/16/2017,,,,8/16/2004
,,20120518,,,11/30/2011,7/8/2009,,,,8/26/1999
,,20060922,,,6/21/2011,2/3/2009,,,,2/14/2005
,,20101209,,,4/26/2011,11/18/1995,,,,12/5/1998
,,20080130,,,4/13/2017,12/27/1994,,,,9/1/1998
,,20080901,,,8/24/2015,7/3/2004,,,,6/30/1998
,,20070828,,,11/27/2012,5/29/2002,,,,6/22/2007
,,20020315,,,5/10/2001,10/25/2011,,,,7/27/2009
,,20040128,,,4/2/2010,2/23/1999,,,,5/23/2016
,,20090305,,,12/30/2008,2/6/2006,,,,10/31/2011
,,20130816,,,1/19/2015,10/29/2013,,,,6/19/2008
,,20060324,,,4/24/2014,10/28/2015,,,,9/7/2011
,,19950303,,,2/19/2014,12/25/2013,,,,3/19/2013
,,20070514,,,12/9/2014,7/26/2011,,,,7/16/2003
,,20131007,,,2/3/2012,8/30/2017,,,,8/17/1998
,,20020319,,,3/17/2015,3/25/2016,,,,1/22/2014
,,20060906,,,6/1/2012,8/13/2010,,,,4/27/1998
,,19900302,,,6/12/2014,10/10/2006,,,,9/22/1999
,,20100628,,,9/16/2011,2/26/2015,,,,9/22/2001
,,20100702,,,5/2/2011,4/24/2003,,,,8/16/2001
,,20140106,,,12/15/1990,12/29/1994,,,,8/26/2015
,,20140106,,,5/2/2013,1/18/2005,,,,10/14/2009
,,20140108,,,3/4/2014,4/5/2016,,,,8/31/1999
,,20140116,,,9/2/2011,2/15/2007,,,,9/7/2004
,,20120228,,,7/9/2007,2/9/2014,,,,10/29/2010
,,20120228,,,1/13/2016,4/10/1995,,,,7/29/2015
,,20120409,,,4/29/2010,2/10/2012,,,,5/22/2014
,,20111215,,,1/29/2018,7/31/2008,,,,1/17/2007
,,19950915,,,9/5/2007,1/22/2015,,,,11/17/1998
,,20100409,,,11/10/2014,8/8/1995,,,,7/20/2010
,,20100524,,,6/27/2011,6/8/2006,,,,11/29/2004
,,20100617,,,2/8/2013,5/29/2017,,,,12/14/2015
,,20090622,,,5/29/2017,1/20/2015,,,,6/7/2004
,,20050521,,,10/20/2014,8/13/2004,,,,8/22/2008
,,20080111,,,2/22/2012,10/30/2014,,,,5/30/2002
,,20140924,,,9/11/2017,2/23/2010,,,,11/26/1998
,,20140922,,,7/11/2013,6/22/2017,,,,6/19/2008
,,20140626,,,10/18/2017,11/30/2000,,,,8/1/2000
,,19970220,,,6/22/2012,10/23/2008,,,,4/16/1998
,,19970501,,,5/16/2014,12/3/2008,,,,12/22/1999
,,19880905,,,3/16/2012,12/27/1994,,,,11/22/2001
,,20060919,,,6/22/2009,11/25/1998,,,,9/11/2001
,,20040312,,,3/30/2011,2/3/2017,,,,3/3/2001
,,19990810,,,12/4/2007,4/18/2006,,,,6/7/2004
,,20000119,,,1/28/1997,10/30/2015,,,,9/4/1998
,,20100927,,,7/12/2005,6/15/1999,,,,7/28/2004
,,19991130,,,12/1/1995,11/25/2014,,,,4/3/2012
,,20101130,,,6/8/1991,3/3/2009,,,,4/13/2001
,,20100819,,,2/13/2011,9/22/1997,,,,4/13/2001
,,20101101,,,3/24/2014,12/26/2014,,,,6/5/2004
,,20090410,,,3/31/2015,11/8/1996,,,,6/30/1998
,,20030618,,,6/12/1998,5/4/2012,,,,10/25/1999
,,20100618,,,7/8/2016,1/22/2009,,,,9/22/1998
,,20100423,,,4/2/2013,1/15/1997,,,,9/1/1998
,,20060316,,,11/12/1990,3/23/2009,,,,9/13/2010
,,20140630,,,2/14/2003,11/22/2007,,,,3/31/1999
,,20140630,,,7/6/2011,5/6/1995,,,,9/2/2000
,,20011123,,,11/25/2011,9/22/1995,,,,
,,20140605,,,9/10/2013,5/19/1994,,,,
,,20121204,,,7/27/2005,2/9/2000,,,,
,,20130219,,,4/8/2010,7/23/2010,,,,
,,20060307,,,3/11/2011,8/5/1995,,,,
,,20110420,,,11/13/2012,7/25/2006,,,,
,,20110110,,,11/28/2008,3/17/2017,,,,
,,20060427,,,1/17/2007,10/20/2017,,,,
,,20010404,,,1/28/2013,12/9/2017,,,,
,,19890607,,,12/22/2016,3/7/2006,,,,
,,20100909,,,8/29/2011,11/21/1994,,,,
,,20090904,,,4/5/2016,2/12/2018,,,,
,,20090803,,,9/1/2014,11/30/1994,,,,
,,20031128,,,5/8/1991,9/29/2009,,,,
,,20081007,,,7/15/1999,2/2/1996,,,,
,,19960726,,,6/7/2012,2/23/2000,,,,
,,20071115,,,10/24/2007,6/27/2002,,,,
,,19960921,,,6/10/2008,10/2/1997,,,,
,,20100203,,,6/30/2016,4/23/2004,,,,
,,20100318,,,10/18/1999,7/20/2011,,,,
,,20070424,,,12/19/2014,3/11/2005,,,,
,,19980805,,,5/2/2013,2/16/1995,,,,
,,20030818,,,2/19/2013,10/17/1994,,,,
,,20141223,,,3/16/2012,11/13/1995,,,,
,,20150226,,,4/26/2011,12/31/1998,,,,
,,20150227,,,11/8/2011,2/16/2011,,,,
,,20141217,,,3/16/2012,8/4/2016,,,,
,,20141125,,,4/7/2011,2/2/2010,,,,
,,20130319,,,2/7/2012,1/19/2007,,,,
,,20130419,,,6/3/2011,1/8/2001,,,,
,,20020228,,,8/29/2011,11/30/1994,,,,
,,19960311,,,12/4/2014,8/22/2017,,,,
,,20130423,,,2/16/2017,7/28/2011,,,,
,,20110804,,,5/9/2011,1/19/2010,,,,
,,19980317,,,6/16/2014,10/21/2016,,,,
,,20110308,,,3/15/2012,2/26/2016,,,,
,,20110307,,,6/22/2009,11/10/2015,,,,
,,20010804,,,3/24/2010,2/26/2016,,,,
,,20010528,,,3/18/2003,4/15/2016,,,,
,,20091117,,,8/24/2000,7/24/1996,,,,
,,20020423,,,3/28/2011,7/19/2005,,,,
,,20070313,,,4/15/2011,9/28/2017,,,,
,,19910621,,,5/18/2011,1/18/2005,,,,
,,20030901,,,4/1/2011,2/7/2011,,,,
,,20140424,,,1/13/2015,3/8/1997,,,,
,,20040603,,,3/11/2015,1/5/2012,,,,
,,19941121,,,5/12/2015,4/8/2011,,,,
,,20140103,,,10/30/2011,4/18/2011,,,,
,,20120529,,,5/24/2011,7/8/2013,,,,
,,20120215,,,6/21/2017,6/25/1997,,,,
,,20120227,,,1/22/2014,4/26/1999,,,,
,,20120224,,,1/3/2017,3/25/2008,,,,
,,20120601,,,6/7/2013,4/4/2016,,,,
,,20100430,,,5/22/2012,5/7/1997,,,,
,,20040513,,,9/4/1999,7/30/2012,,,,
,,20080609,,,5/8/1991,12/5/2006,,,,
,,20140904,,,10/10/2002,1/18/2011,,,,
,,20140801,,,5/12/2011,1/30/2003,,,,
,,20010904,,,5/2/2011,4/22/2011,,,,
,,20140711,,,11/10/2011,8/31/1999,,,,
,,20140710,,,3/28/2011,2/6/2006,,,,
,,20120912,,,1/24/2014,2/4/2004,,,,
,,20120711,,,7/15/1979,2/5/2016,,,,
,,20120816,,,9/30/2014,8/2/2010,,,,
,,20121019,,,11/18/2013,11/23/2016,,,,
,,20110223,,,,11/21/2017,,,,
,,20110401,,,,10/20/2017,,,,
,,20020130,,,,10/18/2012,,,,
,,19970430,,,,2/7/1998,,,,
,,19951006,,,,9/25/2012,,,,
,,20040513,,,,10/17/2001,,,,
,,20120827,,,,11/6/1999,,,,
,,20060111,,,,1/30/2001,,,,
,,20120904,,,,8/9/2002,,,,
,,20120702,,,,5/30/1994,,,,
,,20030419,,,,5/23/2005,,,,
,,20141030,,,,4/17/2007,,,,
,,20010919,,,,10/8/2009,,,,
,,20141006,,,,9/26/2016,,,,
,,20040204,,,,6/12/2000,,,,
,,20141124,,,,12/30/2014,,,,
,,20121120,,,,6/28/2013,,,,
,,20130129,,,,4/6/2007,,,,
,,20110131,,,,11/21/2011,,,,
,,20110517,,,,2/10/1998,,,,
,,20110317,,,,8/20/2015,,,,
,,20110103,,,,7/8/2004,,,,
,,20090817,,,,3/8/2017,,,,
,,20090819,,,,2/26/2018,,,,
,,20100907,,,,7/16/1999,,,,
,,20101224,,,,7/15/2015,,,,
,,20061026,,,,7/23/1994,,,,
,,20041214,,,,5/19/1994,,,,
,,20010427,,,,4/23/2004,,,,
,,20020903,,,,9/13/2016,,,,
,,20021025,,,,9/14/2002,,,,
,,20021125,,,,2/18/2008,,,,
,,20030331,,,,3/8/2001,,,,
,,19860408,,,,3/7/2008,,,,
,,20040322,,,,7/7/2014,,,,
,,19990427,,,,2/17/2009,,,,
,,20011030,,,,4/8/1999,,,,
,,20060307,,,,12/4/1997,,,,
,,19950202,,,,8/20/2015,,,,
,,19970306,,,,7/1/1998,,,,
,,20011227,,,,10/28/2011,,,,
,,19951116,,,,10/13/2009,,,,
,,19950504,,,,10/31/2013,,,,
,,19990303,,,,10/24/2006,,,,
,,20000524,,,,4/13/1999,,,,
,,19920228,,,,5/30/2003,,,,
,,20040302,,,,2/4/2016,,,,
,,20040610,,,,2/15/2001,,,,
,,19930625,,,,10/29/1997,,,,
,,19920207,,,,3/19/1999,,,,
,,20040908,,,,5/8/2000,,,,
,,19960409,,,,1/23/1998,,,,
,,20070927,,,,6/29/1996,,,,
,,20071115,,,,3/12/1997,,,,
,,19880506,,,,1/18/2011,,,,
,,19900627,,,,12/26/2017,,,,
,,20160511,,,,2/12/2016,,,,
,,20170327,,,,6/22/2000,,,,
,,20170404,,,,6/9/2011,,,,
,,20150625,,,,8/27/2014,,,,
,,20160201,,,,3/22/1995,,,,
,,20090311,,,,11/21/2011,,,,
,,19951227,,,,12/4/1995,,,,
,,20050609,,,,10/15/1997,,,,
,,19970318,,,,8/26/1998,,,,
,,19960625,,,,2/6/2001,,,,
,,20030204,,,,7/1/1980,,,,
,,20030705,,,,4/3/2001,,,,
,,19971006,,,,3/29/2007,,,,
,,20010104,,,,7/20/2004,,,,
,,19970318,,,,1/27/2006,,,,
,,20041006,,,,9/28/1992,,,,
,,20020708,,,,5/30/1994,,,,
,,20010817,,,,4/13/2004,,,,
,,20020515,,,,6/28/2007,,,,
,,20080702,,,,2/20/1998,,,,
,,20060921,,,,7/24/2011,,,,
,,20070801,,,,9/3/2002,,,,
,,20060901,,,,5/12/2001,,,,
,,20040902,,,,5/26/2003,,,,
,,20040723,,,,7/26/2004,,,,
,,19920213,,,,5/30/1994,,,,
,,19800417,,,,7/16/2004,,,,
,,19830423,,,,4/6/1999,,,,
,,19920925,,,,4/7/1994,,,,
,,19950218,,,,2/20/1998,,,,
,,19950304,,,,3/13/2003,,,,
,,20061124,,,,5/22/2001,,,,
,,19990419,,,,5/18/2002,,,,
,,20070302,,,,4/25/2013,,,,
,,20050812,,,,8/21/2015,,,,
,,19950501,,,,5/17/2017,,,,
,,20030212,,,,12/15/1994,,,,
,,20080328,,,,5/19/2017,,,,
,,20080627,,,,2/23/2012,,,,
,,20080805,,,,2/16/2005,,,,
,,20060529,,,,10/22/2003,,,,
,,20080523,,,,6/29/2014,,,,
,,20021104,,,,11/12/1999,,,,
,,20020508,,,,1/12/1996,,,,
,,20030731,,,,11/11/1994,,,,
,,20080603,,,,8/9/2017,,,,
,,20000424,,,,10/30/1998,,,,
,,19940310,,,,6/10/1998,,,,
,,20050126,,,,5/19/2011,,,,
,,20010102,,,,1/27/2006,,,,
,,20081110,,,,11/9/2001,,,,
,,20070528,,,,6/30/2016,,,,
,,20080902,,,,7/18/2001,,,,
,,20130924,,,,3/7/1997,,,,
,,20130926,,,,12/8/1999,,,,
,,20021119,,,,3/17/2016,,,,
,,20030710,,,,6/6/2014,,,,
,,19960305,,,,11/26/2015,,,,
,,19970228,,,,7/8/2004,,,,
,,19970905,,,,4/14/2008,,,,
,,20070201,,,,2/5/2013,,,,
,,20170501,,,,3/5/2002,,,,
,,20040723,,,,5/29/1999,,,,
,,20020619,,,,9/12/2014,,,,
,,19930412,,,,2/2/2007,,,,
,,20071128,,,,5/28/2003,,,,
,,19950310,,,,2/23/2009,,,,
,,19880331,,,,6/26/2001,,,,
,,19900413,,,,4/11/2002,,,,
,,19901208,,,,1/25/2016,,,,
,,20160525,,,,10/29/2003,,,,
,,20160810,,,,2/2/2017,,,,
,,20051115,,,,10/28/1999,,,,
,,19940502,,,,10/17/2008,,,,
,,19950320,,,,4/8/2002,,,,
,,19980820,,,,1/4/2018,,,,
,,19990308,,,,10/6/2004,,,,
,,20000502,,,,1/10/2005,,,,
,,20070427,,,,8/21/2008,,,,
,,19920213,,,,5/1/2017,,,,
,,20000315,,,,7/6/2015,,,,
,,20051007,,,,11/2/2004,,,,
,,20040719,,,,4/26/2012,,,,
,,20071218,,,,7/15/2010,,,,
,,20161108,,,,7/12/2002,,,,
,,20150722,,,,3/31/2014,,,,
,,20160725,,,,3/27/2015,,,,
,,20160817,,,,3/18/2002,,,,
,,20130725,,,,10/31/2013,,,,
,,20111125,,,,12/17/1999,,,,
,,20111202,,,,4/22/2016,,,,
,,19860826,,,,8/7/2001,,,,
,,20050430,,,,9/19/2016,,,,
,,20130205,,,,11/25/1997,,,,
,,20130103,,,,5/1/2015,,,,
,,20130222,,,,1/31/2012,,,,
,,20110422,,,,11/24/2017,,,,
,,20150818,,,,7/16/1999,,,,
,,20170103,,,,1/15/2016,,,,
,,20160719,,,,1/19/2009,,,,
,,20160822,,,,10/14/2015,,,,
,,20161114,,,,10/1/2013,,,,
,,20151230,,,,10/18/2016,,,,
,,20151217,,,,2/2/2009,,,,
,,20171226,,,,6/4/2001,,,,
,,20171219,,,,4/7/2009,,,,
,,20170109,,,,3/11/2010,,,,
,,20180317,,,,4/29/2004,,,,
,,20171211,,,,2/28/2008,,,,
,,20161005,,,,2/1/2011,,,,
,,20161005,,,,12/5/2013,,,,
,,20160927,,,,2/1/2010,,,,
,,20161013,,,,9/10/1996,,,,
,,19970220,,,,8/4/1995,,,,
,,20120120,,,,3/28/2006,,,,
,,20120201,,,,10/5/2000,,,,
,,20160719,,,,12/17/1999,,,,
,,20160705,,,,1/14/2018,,,,
,,20160719,,,,2/1/2018,,,,
,,20160804,,,,3/8/2000,,,,
,,20161114,,,,11/30/2000,,,,
,,20151207,,,,3/25/1996,,,,
,,20161109,,,,3/30/2005,,,,
,,20100407,,,,9/20/2011,,,,
,,20091023,,,,9/22/1998,,,,
,,20021226,,,,2/17/2016,,,,
,,20080310,,,,4/27/2001,,,,
,,20070622,,,,12/8/1999,,,,
,,19950425,,,,9/7/2009,,,,
,,20050622,,,,9/23/2011,,,,
,,20010430,,,,4/1/2003,,,,
,,20010908,,,,8/4/2015,,,,
,,20020321,,,,7/21/2014,,,,
,,20050426,,,,3/18/2002,,,,
,,20051026,,,,10/8/2009,,,,
,,20020822,,,,9/21/2005,,,,
,,20040524,,,,2/27/2002,,,,
,,20091211,,,,9/10/2004,,,,
,,19990424,,,,5/4/1998,,,,
,,20130329,,,,1/12/2006,,,,
,,20130115,,,,9/3/2012,,,,
,,20040422,,,,11/26/2010,,,,
,,20110310,,,,11/8/2011,,,,
,,20090810,,,,6/1/2006,,,,
,,20091020,,,,6/29/2014,,,,
,,20090714,,,,4/13/2011,,,,
,,20100910,,,,7/19/2007,,,,
,,20080616,,,,5/19/2017,,,,
,,20120224,,,,3/23/1993,,,,
,,20120403,,,,11/23/2015,,,,
,,20100604,,,,3/12/2014,,,,
,,20131014,,,,6/7/2006,,,,
,,20131113,,,,6/20/2012,,,,
,,19870709,,,,6/30/1979,,,,
,,20061201,,,,2/17/2004,,,,
,,20140916,,,,9/2/1998,,,,
,,19970527,,,,3/21/2002,,,,
,,20040309,,,,11/13/2015,,,,
,,20030603,,,,5/4/2006,,,,
,,20101125,,,,9/27/2011,,,,
,,20101203,,,,11/22/2005,,,,
,,20071101,,,,11/26/1998,,,,
,,19880706,,,,5/15/1999,,,,
,,20090824,,,,9/13/1999,,,,
,,20130603,,,,1/29/2018,,,,
,,20050112,,,,5/8/2002,,,,
,,20110801,,,,4/23/2001,,,,
,,20110601,,,,10/25/2000,,,,
,,20100318,,,,3/11/1996,,,,
,,20100406,,,,2/17/2014,,,,
,,20140602,,,,9/19/2016,,,,
,,20120313,,,,2/22/2000,,,,
,,20101105,,,,8/12/2000,,,,
,,20100901,,,,6/29/1999,,,,
,,20080122,,,,1/19/1999,,,,
,,20080327,,,,7/5/2006,,,,
,,19960507,,,,3/21/2013,,,,
,,19960605,,,,8/13/2012,,,,
,,20030103,,,,7/27/1999,,,,
,,20150303,,,,11/6/1999,,,,
,,20141224,,,,1/7/2000,,,,
,,19941214,,,,10/26/1998,,,,
,,20141204,,,,12/13/2001,,,,
,,20150115,,,,9/20/2003,,,,
,,20010316,,,,6/19/1998,,,,
,,20150603,,,,12/18/2000,,,,
,,20110810,,,,2/22/2013,,,,
,,20020601,,,,12/29/2015,,,,
,,20100409,,,,6/20/2008,,,,
,,19971017,,,,2/2/2002,,,,
,,20140901,,,,1/23/2002,,,,
,,20120709,,,,1/14/1998,,,,
,,20121023,,,,6/3/2005,,,,
,,20010702,,,,2/5/1998,,,,
,,20110401,,,,2/2/2001,,,,
,,20100901,,,,11/24/2006,,,,
,,19950310,,,,12/20/2000,,,,
,,19930308,,,,10/18/1999,,,,
,,20120717,,,,2/6/2004,,,,
,,20030915,,,,5/10/2016,,,,
,,20000503,,,,1/28/2014,,,,
,,20160728,,,,2/22/2013,,,,
,,20161201,,,,6/26/2001,,,,
,,20170328,,,,5/30/2014,,,,
,,19960106,,,,4/15/1998,,,,
,,20001219,,,,5/10/2006,,,,
,,20021217,,,,8/17/2000,,,,
,,20060816,,,,1/22/2009,,,,
,,20040713,,,,7/1/2005,,,,
,,19980302,,,,7/3/2017,,,,
,,20030514,,,,11/27/1996,,,,
,,20010203,,,,7/17/2013,,,,
,,20020917,,,,6/30/2016,,,,
,,20010702,,,,2/10/2000,,,,
,,20010702,,,,12/14/2017,,,,
,,20150304,,,,12/13/2001,,,,
,,20150304,,,,10/22/2001,,,,
,,20150108,,,,4/2/2002,,,,
,,20130319,,,,2/9/2000,,,,
,,20160421,,,,3/31/2015,,,,
,,20130326,,,,1/18/2007,,,,
,,20110610,,,,1/16/1998,,,,
,,20110405,,,,11/8/2003,,,,
,,20100323,,,,12/4/1995,,,,
,,20091216,,,,1/13/2005,,,,
,,20040214,,,,4/16/2001,,,,
,,20001110,,,,10/29/1999,,,,
,,20100210,,,,7/3/2002,,,,
,,20070810,,,,8/8/2013,,,,
,,20040702,,,,8/17/2001,,,,
,,20060504,,,,8/23/2002,,,,
,,20060720,,,,3/2/2001,,,,
,,20060721,,,,1/27/2006,,,,
,,20061025,,,,11/27/2007,,,,
,,20061110,,,,9/24/1996,,,,
,,20070215,,,,3/5/1999,,,,
,,20070412,,,,1/23/2017,,,,
,,20070507,,,,2/16/1995,,,,
,,19960223,,,,2/21/1994,,,,
,,19960923,,,,11/26/2002,,,,
,,19990302,,,,8/9/2001,,,,
,,20000427,,,,11/24/1999,,,,
,,20000718,,,,1/12/1996,,,,
,,20010314,,,,3/5/2004,,,,
,,20020228,,,,9/9/2004,,,,
,,20020903,,,,2/11/2000,,,,
,,20020911,,,,2/5/1999,,,,
,,20021218,,,,2/9/2000,,,,
,,20070221,,,,9/23/2015,,,,
,,20071109,,,,9/18/2000,,,,
,,20071127,,,,2/9/2000,,,,
,,20031006,,,,6/10/1998,,,,
,,20040501,,,,2/15/2007,,,,
,,20050204,,,,11/27/1996,,,,
,,20050401,,,,7/5/2006,,,,
,,20000424,,,,12/12/1994,,,,
,,20160909,,,,4/8/2009,,,,
,,20150511,,,,5/27/1999,,,,
,,20150715,,,,9/20/1988,,,,
,,20111118,,,,5/17/2007,,,,
,,20120102,,,,2/24/2004,,,,
,,20111031,,,,11/22/1997,,,,
,,20111031,,,,5/30/1994,,,,
,,20160426,,,,9/27/1999,,,,
,,20160809,,,,10/20/1993,,,,
,,20161130,,,,2/26/2002,,,,
,,20160616,,,,4/3/1999,,,,
,,20170329,,,,5/30/2014,,,,
,,19950831,,,,10/20/1999,,,,
,,19960507,,,,5/30/1994,,,,
,,20130603,,,,1/11/2016,,,,
,,20130412,,,,1/1/1998,,,,
,,20130422,,,,1/9/1998,,,,
,,20130423,,,,6/1/2006,,,,
,,20110530,,,,9/13/2001,,,,
,,20110802,,,,3/4/2015,,,,
,,19950809,,,,5/31/1997,,,,
,,19950502,,,,6/20/2012,,,,
,,20110408,,,,4/24/2015,,,,
,,20110321,,,,6/14/2006,,,,
,,20110215,,,,11/28/2003,,,,
,,20110322,,,,9/20/2016,,,,
,,20110331,,,,10/26/2015,,,,
,,20041109,,,,1/22/2003,,,,
,,20020611,,,,6/8/2000,,,,
,,20020710,,,,2/22/2000,,,,
,,20020810,,,,12/19/2017,,,,
,,20060310,,,,3/9/2005,,,,
,,20060403,,,,1/26/1999,,,,
,,20030624,,,,5/8/2009,,,,
,,20030730,,,,10/26/2015,,,,
,,20030901,,,,2/8/2013,,,,
,,20070511,,,,3/26/1992,,,,
,,20070529,,,,10/25/1994,,,,
,,20070604,,,,9/22/1997,,,,
,,20070703,,,,3/8/1997,,,,
,,20070917,,,,4/4/1997,,,,
,,20080104,,,,3/21/2000,,,,
,,20080107,,,,9/30/1998,,,,
,,20080516,,,,6/7/1997,,,,
,,19800416,,,,5/15/2001,,,,
,,20070710,,,,5/22/2003,,,,
,,20070914,,,,11/29/2016,,,,
,,19901218,,,,4/17/2012,,,,
,,19910223,,,,2/19/2010,,,,
,,19910225,,,,3/15/1997,,,,
,,19951227,,,,1/23/1998,,,,
,,20121221,,,,3/13/1999,,,,
,,20111202,,,,5/22/2002,,,,
,,20111013,,,,11/6/1999,,,,
,,20110714,,,,6/13/2010,,,,
,,20110823,,,,12/16/2005,,,,
,,20110927,,,,11/17/1999,,,,
,,20110928,,,,2/13/2006,,,,
,,19930604,,,,9/2/1998,,,,
,,20100405,,,,3/18/2002,,,,
,,20091123,,,,7/4/1998,,,,
,,20100128,,,,10/29/2001,,,,
,,20140103,,,,6/19/2003,,,,
,,20131206,,,,1/21/1998,,,,
,,20131030,,,,9/1/2010,,,,
,,20131002,,,,7/1/2005,,,,
,,20080910,,,,2/16/2010,,,,
,,19891207,,,,5/11/2016,,,,
,,19920113,,,,3/30/2010,,,,
,,19920219,,,,4/8/2002,,,,
,,19921128,,,,7/19/2014,,,,
,,19930503,,,,1/3/2004,,,,
,,19930629,,,,1/5/1990,,,,
,,19970904,,,,2/25/1999,,,,
,,19980123,,,,6/8/2004,,,,
,,20121128,,,,9/27/2003,,,,
,,20051202,,,,3/8/2000,,,,
,,20130108,,,,2/1/2017,,,,
,,20120808,,,,9/15/2004,,,,
,,20121018,,,,12/29/1999,,,,
,,20120814,,,,4/14/2008,,,,
,,20120628,,,,5/26/2001,,,,
,,20110511,,,,9/14/2006,,,,
,,20020131,,,,2/25/2014,,,,
,,20100914,,,,4/20/2000,,,,
,,20101122,,,,6/4/1999,,,,
,,20101129,,,,5/2/2002,,,,
,,20101215,,,,11/17/1997,,,,
,,20100901,,,,9/10/1998,,,,
,,20090423,,,,1/1/1998,,,,
,,20090529,,,,2/22/2000,,,,
,,20090701,,,,4/30/1994,,,,
,,20050906,,,,5/19/1992,,,,
,,20051115,,,,1/5/1998,,,,
,,20060412,,,,6/20/1997,,,,
,,20060420,,,,5/18/2005,,,,
,,20060519,,,,12/26/1997,,,,
,,20060607,,,,9/5/1997,,,,
,,20061120,,,,3/8/2017,,,,
,,20070601,,,,1/1/1998,,,,
,,20130805,,,,5/11/2011,,,,
,,20130816,,,,5/4/2001,,,,
,,20011106,,,,4/30/1998,,,,
,,20130627,,,,6/18/2008,,,,
,,19950125,,,,3/11/1996,,,,
,,19950504,,,,2/6/2006,,,,
,,19950703,,,,3/4/2000,,,,
,,20011226,,,,5/28/2007,,,,
,,20020129,,,,4/19/1994,,,,
,,20090504,,,,2/22/2006,,,,
,,20090227,,,,6/16/2005,,,,
,,20081031,,,,4/28/2009,,,,
,,20030228,,,,6/8/2010,,,,
,,20030415,,,,5/30/2007,,,,
,,19960704,,,,7/3/2004,,,,
,,19970621,,,,2/2/2007,,,,
,,20010119,,,,6/1/1995,,,,
,,20010119,,,,5/19/1994,,,,
,,20010601,,,,7/3/2013,,,,
,,20010704,,,,6/25/2009,,,,
,,20011030,,,,4/14/2010,,,,
,,19900511,,,,9/7/2009,,,,
,,20031023,,,,12/18/2006,,,,
,,20040112,,,,1/29/2008,,,,
,,20040503,,,,7/29/2015,,,,
,,20050225,,,,,,,,
,,20050614,,,,,,,,
,,20050715,,,,,,,,
,,20050718,,,,,,,,
,,20050823,,,,,,,,
,,20051226,,,,,,,,
,,19980420,,,,,,,,
,,19980630,,,,,,,,
,,19981114,,,,,,,,
,,19990116,,,,,,,,
,,19930511,,,,,,,,
,,19940326,,,,,,,,
,,19940613,,,,,,,,
,,19940616,,,,,,,,
,,19940711,,,,,,,,
,,19950103,,,,,,,,
,,19950329,,,,,,,,
,,19950502,,,,,,,,
,,19951017,,,,,,,,
,,20141103,,,,,,,,
,,20080721,,,,,,,,
,,20011205,,,,,,,,
,,20140307,,,,,,,,
,,20140331,,,,,,,,
,,20131202,,,,,,,,
,,20040719,,,,,,,,
,,20040806,,,,,,,,
,,20040908,,,,,,,,
,,20040916,,,,,,,,
,,20041015,,,,,,,,
,,20031205,,,,,,,,
,,20040105,,,,,,,,
,,20040221,,,,,,,,
,,20040312,,,,,,,,
,,20040501,,,,,,,,
,,20040518,,,,,,,,
,,19801209,,,,,,,,
,,19830513,,,,,,,,
,,19860519,,,,,,,,
,,19870115,,,,,,,,
,,19870310,,,,,,,,
,,19900328,,,,,,,,
,,19910805,,,,,,,,
,,19920803,,,,,,,,
,,19930503,,,,,,,,
,,19940503,,,,,,,,
,,19940702,,,,,,,,
,,19950313,,,,,,,,
,,19950417,,,,,,,,
,,19950502,,,,,,,,
,,19950814,,,,,,,,
,,19970321,,,,,,,,
,,19971222,,,,,,,,
,,19990317,,,,,,,,
,,20000215,,,,,,,,
,,20001117,,,,,,,,
,,20001127,,,,,,,,
,,20010906,,,,,,,,
,,20020408,,,,,,,,
,,19870805,,,,,,,,
,,19880506,,,,,,,,
,,20040224,,,,,,,,
,,20120522,,,,,,,,
,,20120522,,,,,,,,
,,20040113,,,,,,,,
,,20120222,,,,,,,,
,,20120504,,,,,,,,
,,20120608,,,,,,,,
,,19950519,,,,,,,,
,,20090610,,,,,,,,
,,20090413,,,,,,,,
,,19941231,,,,,,,,
,,20170202,,,,,,,,
,,20160404,,,,,,,,
,,20160707,,,,,,,,
,,20180315,,,,,,,,
,,20161125,,,,,,,,
,,20170316,,,,,,,,
,,19930923,,,,,,,,
,,19940113,,,,,,,,
,,19940322,,,,,,,,
,,19940603,,,,,,,,
,,19941019,,,,,,,,
,,19941116,,,,,,,,
,,19991123,,,,,,,,
,,19991220,,,,,,,,
,,20000302,,,,,,,,
,,20120308,,,,,,,,
,,20120508,,,,,,,,
,,20120611,,,,,,,,
,,20100625,,,,,,,,
,,20100629,,,,,,,,
,,20100809,,,,,,,,
,,20100609,,,,,,,,
,,20100409,,,,,,,,
,,20100709,,,,,,,,
,,20100720,,,,,,,,
,,19930707,,,,,,,,
,,20000509,,,,,,,,
,,20000526,,,,,,,,
,,20000714,,,,,,,,
,,20000818,,,,,,,,
,,20001107,,,,,,,,
,,20041227,,,,,,,,
,,20050609,,,,,,,,
,,20050628,,,,,,,,
,,20050805,,,,,,,,
,,20050812,,,,,,,,
,,20051020,,,,,,,,
,,20060228,,,,,,,,
,,20160804,,,,,,,,
,,19990423,,,,,,,,
,,19990427,,,,,,,,
,,20020910,,,,,,,,
,,20020923,,,,,,,,
,,20021004,,,,,,,,
,,20151111,,,,,,,,
,,20160418,,,,,,,,
,,20120522,,,,,,,,
,,20120302,,,,,,,,
,,20100528,,,,,,,,
,,20100702,,,,,,,,
,,19800820,,,,,,,,
,,20100721,,,,,,,,
,,20091223,,,,,,,,
,,19930712,,,,,,,,
,,20050517,,,,,,,,
,,20060228,,,,,,,,
,,20060515,,,,,,,,
,,20130906,,,,,,,,
,,20130702,,,,,,,,
,,20170927,,,,,,,,
,,20170927,,,,,,,,
,,20170904,,,,,,,,
,,20160809,,,,,,,,
,,20161202,,,,,,,,
,,20160623,,,,,,,,
,,19950915,,,,,,,,
,,19960529,,,,,,,,
,,19960605,,,,,,,,
,,20020402,,,,,,,,
,,20150303,,,,,,,,
,,20141002,,,,,,,,
,,20121224,,,,,,,,
,,19980630,,,,,,,,
,,20040806,,,,,,,,
,,20040816,,,,,,,,
,,20041116,,,,,,,,
,,20031223,,,,,,,,
,,20040108,,,,,,,,
,,20040513,,,,,,,,
,,20040531,,,,,,,,
,,20111212,,,,,,,,
,,20110714,,,,,,,,
,,20110927,,,,,,,,
,,20110826,,,,,,,,
,,19950310,,,,,,,,
,,20060613,,,,,,,,
,,20100204,,,,,,,,
,,20091116,,,,,,,,
,,20090915,,,,,,,,
,,20040624,,,,,,,,
,,20171103,,,,,,,,
,,20180201,,,,,,,,
,,20180131,,,,,,,,
,,20171211,,,,,,,,
,,20151218,,,,,,,,
,,20050708,,,,,,,,
,,20051012,,,,,,,,
,,20160728,,,,,,,,
,,20110209,,,,,,,,
,,20110104,,,,,,,,
,,20110118,,,,,,,,
,,20020829,,,,,,,,
,,20060328,,,,,,,,
,,20030521,,,,,,,,
,,20030607,,,,,,,,
,,20031201,,,,,,,,
,,20080603,,,,,,,,
,,19801016,,,,,,,,
,,19901218,,,,,,,,
,,19910119,,,,,,,,
,,20091201,,,,,,,,
,,19860408,,,,,,,,
,,19950602,,,,,,,,
,,20010704,,,,,,,,
,,20140625,,,,,,,,
,,20040702,,,,,,,,
,,20150601,,,,,,,,
,,20150520,,,,,,,,
,,20040624,,,,,,,,
,,19860503,,,,,,,,
,,19870728,,,,,,,,
,,19940924,,,,,,,,
,,19950613,,,,,,,,
,,19970428,,,,,,,,
,,19981031,,,,,,,,
,,19990601,,,,,,,,
,,20030118,,,,,,,,
,,19870425,,,,,,,,
,,20120314,,,,,,,,
,,20120418,,,,,,,,
,,20070308,,,,,,,,
,,20070510,,,,,,,,
,,19960805,,,,,,,,
,,19990526,,,,,,,,
,,20020504,,,,,,,,
,,20020902,,,,,,,,
,,20060721,,,,,,,,
,,20070608,,,,,,,,
,,20080213,,,,,,,,
,,20040721,,,,,,,,
,,20151027,,,,,,,,
,,19950113,,,,,,,,
,,19950610,,,,,,,,
,,19950714,,,,,,,,
,,20090121,,,,,,,,
,,20081217,,,,,,,,
,,20081017,,,,,,,,
,,20030429,,,,,,,,
,,19960708,,,,,,,,
,,19961227,,,,,,,,
,,19970610,,,,,,,,
,,20010521,,,,,,,,
,,20010612,,,,,,,,
,,20010712,,,,,,,,
,,19870425,,,,,,,,
,,20120109,,,,,,,,
,,20040416,,,,,,,,
,,20170419,,,,,,,,
,,20140729,,,,,,,,
,,20140331,,,,,,,,
,,19870508,,,,,,,,
,,20130730,,,,,,,,
,,20020923,,,,,,,,
,,19870425,,,,,,,,
,,19921124,,,,,,,,
,,19930223,,,,,,,,
,,19930422,,,,,,,,
,,19930614,,,,,,,,
,,19971014,,,,,,,,
,,20130204,,,,,,,,
,,19931004,,,,,,,,
,,19940223,,,,,,,,
,,19940513,,,,,,,,
,,19940622,,,,,,,,
,,19991103,,,,,,,,
,,19991228,,,,,,,,
,,20040615,,,,,,,,
,,20121107,,,,,,,,
,,20120920,,,,,,,,
,,20101230,,,,,,,,
,,20100927,,,,,,,,
,,20011114,,,,,,,,
,,20090421,,,,,,,,
,,20130403,,,,,,,,
,,20130313,,,,,,,,
,,20110128,,,,,,,,
,,20110131,,,,,,,,
,,20110408,,,,,,,,
,,20000731,,,,,,,,
,,20140613,,,,,,,,
,,20140708,,,,,,,,
,,20140710,,,,,,,,
,,20140417,,,,,,,,
,,19930922,,,,,,,,
,,20050119,,,,,,,,
,,20050412,,,,,,,,
,,20050429,,,,,,,,
,,20050513,,,,,,,,
,,20050823,,,,,,,,
,,20140520,,,,,,,,
,,20030228,,,,,,,,
,,20070802,,,,,,,,
,,20071012,,,,,,,,
,,20131202,,,,,,,,
,,20051104,,,,,,,,
,,20150129,,,,,,,,
,,20040401,,,,,,,,
,,20141002,,,,,,,,
,,20141030,,,,,,,,
,,20141013,,,,,,,,
,,20040615,,,,,,,,
,,20140818,,,,,,,,
,,20140718,,,,,,,,
,,19910827,,,,,,,,
,,20021025,,,,,,,,
,,20160921,,,,,,,,
,,20110325,,,,,,,,
,,20160801,,,,,,,,
,,20170418,,,,,,,,
,,20170419,,,,,,,,
,,20170406,,,,,,,,
,,19960722,,,,,,,,
,,20160414,,,,,,,,
,,20171130,,,,,,,,
,,20151130,,,,,,,,
,,20170918,,,,,,,,
,,20160318,,,,,,,,
,,20170119,,,,,,,,
,,20160204,,,,,,,,
,,20090501,,,,,,,,
,,20050712,,,,,,,,
,,20070703,,,,,,,,
,,20070802,,,,,,,,
,,20030607,,,,,,,,
,,20111026,,,,,,,,
,,20111031,,,,,,,,
,,20111130,,,,,,,,
,,20120120,,,,,,,,
,,20110704,,,,,,,,
,,20110810,,,,,,,,
,,20021025,,,,,,,,
,,20110915,,,,,,,,
,,20080408,,,,,,,,
,,20041013,,,,,,,,
,,20110503,,,,,,,,
,,20030210,,,,,,,,
,,19961102,,,,,,,,
,,19990422,,,,,,,,
,,20010227,,,,,,,,
,,20010412,,,,,,,,
,,20040519,,,,,,,,
,,20040519,,,,,,,,
,,20050906,,,,,,,,
,,20071012,,,,,,,,
,,20100908,,,,,,,,
,,20100816,,,,,,,,
,,19890619,,,,,,,,
,,20070425,,,,,,,,
,,20070403,,,,,,,,
,,20170323,,,,,,,,
,,20021030,,,,,,,,
,,20030902,,,,,,,,
,,20140902,,,,,,,,
,,20040528,,,,,,,,
,,20080721,,,,,,,,
,,19840514,,,,,,,,
,,19931016,,,,,,,,
,,19940222,,,,,,,,
,,20110825,,,,,,,,
,,20110603,,,,,,,,
,,20061110,,,,,,,,
,,20061214,,,,,,,,
,,20060103,,,,,,,,
,,20030620,,,,,,,,
,,20140128,,,,,,,,
,,20130816,,,,,,,,
,,20130828,,,,,,,,
,,20130926,,,,,,,,
,,20130426,,,,,,,,
,,20130408,,,,,,,,
,,20130501,,,,,,,,
,,20130410,,,,,,,,
,,20130314,,,,,,,,
,,20130321,,,,,,,,
,,20040130,,,,,,,,
,,20040422,,,,,,,,
,,20040507,,,,,,,,
,,20060418,,,,,,,,
,,20060626,,,,,,,,
,,20090730,,,,,,,,
,,20080609,,,,,,,,
,,20040329,,,,,,,,
,,20130523,,,,,,,,
,,20130613,,,,,,,,
,,20130125,,,,,,,,
,,20121220,,,,,,,,
,,20121123,,,,,,,,
,,20031104,,,,,,,,
,,20121002,,,,,,,,
,,20060808,,,,,,,,
,,20090312,,,,,,,,
,,20080731,,,,,,,,
,,20090521,,,,,,,,
,,20081226,,,,,,,,
,,20081124,,,,,,,,
,,20080929,,,,,,,,
,,20081110,,,,,,,,
,,19970913,,,,,,,,
,,19990206,,,,,,,,
,,19990622,,,,,,,,
,,20000530,,,,,,,,
,,20010504,,,,,,,,
,,20010822,,,,,,,,
,,20151021,,,,,,,,
,,20150902,,,,,,,,
,,20160509,,,,,,,,
,,20001124,,,,,,,,
,,19920507,,,,,,,,
,,19920820,,,,,,,,
,,19940312,,,,,,,,
,,19940811,,,,,,,,
,,19941124,,,,,,,,
,,19950809,,,,,,,,
,,20120730,,,,,,,,
,,20121010,,,,,,,,
,,20120521,,,,,,,,
,,20120420,,,,,,,,
,,20120430,,,,,,,,
,,20120607,,,,,,,,
,,20060105,,,,,,,,
,,20100504,,,,,,,,
,,19920314,,,,,,,,
,,19920829,,,,,,,,
,,20111014,,,,,,,,
,,20110713,,,,,,,,
,,20080219,,,,,,,,
,,20030325,,,,,,,,
,,20030523,,,,,,,,
,,19940808,,,,,,,,
,,19960902,,,,,,,,
,,19970925,,,,,,,,
,,19980210,,,,,,,,
,,19990818,,,,,,,,
,,20021018,,,,,,,,
,,20070522,,,,,,,,
,,20100520,,,,,,,,
,,20100423,,,,,,,,
,,20060418,,,,,,,,
,,19990914,,,,,,,,
,,20020326,,,,,,,,
,,20060201,,,,,,,,
,,20030207,,,,,,,,
,,20030321,,,,,,,,
,,20030520,,,,,,,,
,,20030801,,,,,,,,
,,20041019,,,,,,,,
,,20050419,,,,,,,,
,,20051124,,,,,,,,
,,20060405,,,,,,,,
,,20060404,,,,,,,,
,,20050613,,,,,,,,
,,20070913,,,,,,,,
,,20100308,,,,,,,,
,,20100126,,,,,,,,
,,19911224,,,,,,,,
,,20000316,,,,,,,,
,,20060613,,,,,,,,
,,20050609,,,,,,,,
,,20070315,,,,,,,,
,,20080218,,,,,,,,
,,20080625,,,,,,,,
,,20091020,,,,,,,,
,,20090826,,,,,,,,
,,20050819,,,,,,,,
,,20090514,,,,,,,,
,,20081226,,,,,,,,
,,19980117,,,,,,,,
,,19990412,,,,,,,,
,,20000904,,,,,,,,
,,20040524,,,,,,,,
,,20040604,,,,,,,,
,,20060424,,,,,,,,
,,20040531,,,,,,,,
,,20021004,,,,,,,,
,,20021011,,,,,,,,
,,20150904,,,,,,,,
,,20160113,,,,,,,,
,,20140402,,,,,,,,
,,19930520,,,,,,,,
,,20080526,,,,,,,,
,,20020423,,,,,,,,
,,20040618,,,,,,,,
,,20150302,,,,,,,,
,,20141204,,,,,,,,
,,20141022,,,,,,,,
,,19990511,,,,,,,,
,,20141105,,,,,,,,
,,20140624,,,,,,,,
,,20020319,,,,,,,,
,,20170403,,,,,,,,
,,20160919,,,,,,,,
,,20041217,,,,,,,,
,,20140729,,,,,,,,
,,19960501,,,,,,,,
,,20140813,,,,,,,,
,,20140407,,,,,,,,
,,20041125,,,,,,,,
,,20140416,,,,,,,,
,,20050107,,,,,,,,
,,20160803,,,,,,,,
,,20160728,,,,,,,,
,,19991025,,,,,,,,
,,20161021,,,,,,,,
,,20161121,,,,,,,,
,,20161020,,,,,,,,
,,20170210,,,,,,,,
,,20170322,,,,,,,,
,,20131028,,,,,,,,
,,20070423,,,,,,,,
,,20070716,,,,,,,,
,,20111115,,,,,,,,
,,20120106,,,,,,,,
,,20120118,,,,,,,,
,,20111013,,,,,,,,
,,20110704,,,,,,,,
,,20110909,,,,,,,,
,,20110420,,,,,,,,
,,20110224,,,,,,,,
,,20010523,,,,,,,,
,,20080827,,,,,,,,
,,20011029,,,,,,,,
,,20050429,,,,,,,,
,,20050825,,,,,,,,
,,20060502,,,,,,,,
,,20060927,,,,,,,,
,,20101111,,,,,,,,
,,20100930,,,,,,,,
,,20101006,,,,,,,,
,,20100802,,,,,,,,
,,20000228,,,,,,,,
,,19930326,,,,,,,,
,,20111114,,,,,,,,
,,20011022,,,,,,,,
,,19770520,,,,,,,,
,,19840915,,,,,,,,
,,19950805,,,,,,,,
,,20020803,,,,,,,,
,,20041201,,,,,,,,
,,20170227,,,,,,,,
,,20061117,,,,,,,,
,,20060316,,,,,,,,
,,20030630,,,,,,,,
,,20031007,,,,,,,,
,,20011126,,,,,,,,
,,20130725,,,,,,,,
,,20130719,,,,,,,,
,,20130710,,,,,,,,
,,20130409,,,,,,,,
,,20030204,,,,,,,,
,,20150812,,,,,,,,
,,20160405,,,,,,,,
,,19930223,,,,,,,,
,,19930826,,,,,,,,
,,19940525,,,,,,,,
,,19941101,,,,,,,,
,,19950117,,,,,,,,
,,19950311,,,,,,,,
,,19951204,,,,,,,,
,,20120614,,,,,,,,
,,20120420,,,,,,,,
,,20120327,,,,,,,,
,,20131031,,,,,,,,
,,20050914,,,,,,,,
,,19940118,,,,,,,,
,,19951005,,,,,,,,
,,19970827,,,,,,,,
,,19990114,,,,,,,,
,,19880810,,,,,,,,
,,20030830,,,,,,,,
,,20100415,,,,,,,,
,,20100526,,,,,,,,
,,19890314,,,,,,,,
,,20100223,,,,,,,,
,,20050905,,,,,,,,
,,20051024,,,,,,,,
,,20051230,,,,,,,,
,,20100315,,,,,,,,
,,20100316,,,,,,,,
,,20070411,,,,,,,,
,,20070914,,,,,,,,
,,20161031,,,,,,,,
,,20170322,,,,,,,,
,,20080414,,,,,,,,
,,20090928,,,,,,,,
,,20090501,,,,,,,,
,,19951227,,,,,,,,
,,20080905,,,,,,,,
,,20130516,,,,,,,,
,,20130329,,,,,,,,
,,20021008,,,,,,,,
,,20071224,,,,,,,,
,,20130205,,,,,,,,
,,20120820,,,,,,,,
,,20120829,,,,,,,,
,,20061025,,,,,,,,
,,20070313,,,,,,,,
,,20061027,,,,,,,,
,,20060113,,,,,,,,
,,20090526,,,,,,,,
,,20060724,,,,,,,,
,,20060904,,,,,,,,
,,20030826,,,,,,,,
,,20070518,,,,,,,,
,,20070706,,,,,,,,
,,20080526,,,,,,,,
,,20060519,,,,,,,,
,,20060322,,,,,,,,
,,20061024,,,,,,,,
,,20060605,,,,,,,,
,,19990724,,,,,,,,
,,19991126,,,,,,,,
,,20010103,,,,,,,,
,,20010718,,,,,,,,
,,20020315,,,,,,,,
,,20040407,,,,,,,,
,,20060613,,,,,,,,
,,20021111,,,,,,,,
,,20050708,,,,,,,,
,,20001017,,,,,,,,
,,20040802,,,,,,,,
,,20041112,,,,,,,,
,,20050131,,,,,,,,
,,20050401,,,,,,,,
,,20050512,,,,,,,,
,,20050518,,,,,,,,
,,20020820,,,,,,,,
,,20080507,,,,,,,,
,,19960115,,,,,,,,
,,19960618,,,,,,,,
,,20030221,,,,,,,,
,,20070106,,,,,,,,
,,20070402,,,,,,,,
,,20070620,,,,,,,,
,,20070828,,,,,,,,
,,20061226,,,,,,,,
,,20060703,,,,,,,,
,,20080318,,,,,,,,
,,20110719,,,,,,,,
,,20080213,,,,,,,,
,,20080911,,,,,,,,
,,20080808,,,,,,,,
,,20110728,,,,,,,,
,,20110603,,,,,,,,
,,20091028,,,,,,,,
,,19880304,,,,,,,,
,,20040506,,,,,,,,
,,20160816,,,,,,,,
,,20061215,,,,,,,,
,,20070111,,,,,,,,
,,20060210,,,,,,,,
,,20030813,,,,,,,,
,,20040130,,,,,,,,
,,20081117,,,,,,,,
,,19860507,,,,,,,,
,,20120322,,,,,,,,
,,20120227,,,,,,,,
,,20070112,,,,,,,,
,,20131120,,,,,,,,
,,20030401,,,,,,,,
,,19970628,,,,,,,,
,,20060824,,,,,,,,
,,20100324,,,,,,,,
,,20091015,,,,,,,,
,,20080411,,,,,,,,
,,20050825,,,,,,,,
,,20051007,,,,,,,,
,,20060120,,,,,,,,
,,20060207,,,,,,,,
,,20060210,,,,,,,,
,,20060224,,,,,,,,
,,20030523,,,,,,,,
,,20030630,,,,,,,,
,,20030915,,,,,,,,
,,20031111,,,,,,,,
,,20130429,,,,,,,,
,,20130530,,,,,,,,
,,20040531,,,,,,,,
,,20060428,,,,,,,,
,,20060508,,,,,,,,
,,20060703,,,,,,,,
,,20091005,,,,,,,,
,,20060703,,,,,,,,
,,20121120,,,,,,,,
,,20121031,,,,,,,,
,,20090424,,,,,,,,
,,20090528,,,,,,,,
,,20090218,,,,,,,,
,,20090206,,,,,,,,
,,19970710,,,,,,,,
,,19990326,,,,,,,,
,,19991009,,,,,,,,
,,20000327,,,,,,,,
,,20001030,,,,,,,,
,,20010510,,,,,,,,
,,19930421,,,,,,,,
,,19930604,,,,,,,,
,,19950228,,,,,,,,
,,19950801,,,,,,,,
,,20120628,,,,,,,,
,,20120314,,,,,,,,
,,20080414,,,,,,,,
,,20120523,,,,,,,,
,,20120326,,,,,,,,
,,20120412,,,,,,,,
,,20070122,,,,,,,,
,,20080102,,,,,,,,
,,20100426,,,,,,,,
,,20070917,,,,,,,,
,,20100604,,,,,,,,
,,20071012,,,,,,,,
,,20110718,,,,,,,,
,,20071210,,,,,,,,
,,19961118,,,,,,,,
,,19961213,,,,,,,,
,,19970702,,,,,,,,
,,19930902,,,,,,,,
,,20000908,,,,,,,,
,,20100420,,,,,,,,
,,20100719,,,,,,,,
,,20091230,,,,,,,,
,,20050412,,,,,,,,
,,20041214,,,,,,,,
,,20060314,,,,,,,,
,,20060414,,,,,,,,
,,20060523,,,,,,,,
,,20060824,,,,,,,,
,,20070309,,,,,,,,
,,20090710,,,,,,,,
,,20070409,,,,,,,,
,,20001120,,,,,,,,
,,20050107,,,,,,,,
,,20140428,,,,,,,,
,,20140530,,,,,,,,
,,20140220,,,,,,,,
,,20050323,,,,,,,,
,,20050521,,,,,,,,
,,20050521,,,,,,,,
,,20050521,,,,,,,,
,,20050607,,,,,,,,
,,20050816,,,,,,,,
,,20131023,,,,,,,,
,,20141027,,,,,,,,
,,20140917,,,,,,,,
,,20020409,,,,,,,,
,,20020708,,,,,,,,
,,20020718,,,,,,,,
,,20020902,,,,,,,,
,,20020910,,,,,,,,
,,20021008,,,,,,,,
,,20070411,,,,,,,,
,,19950410,,,,,,,,
,,20090512,,,,,,,,
,,20040920,,,,,,,,
,,20060831,,,,,,,,
,,20060904,,,,,,,,
,,20060907,,,,,,,,
,,20060918,,,,,,,,
,,20060912,,,,,,,,
,,20060921,,,,,,,,
,,20061106,,,,,,,,
,,20070228,,,,,,,,
,,20070410,,,,,,,,
,,20070419,,,,,,,,
,,20070430,,,,,,,,
,,20070827,,,,,,,,
,,20070913,,,,,,,,
,,20111116,,,,,,,,
,,20111118,,,,,,,,
,,20111108,,,,,,,,
,,19991025,,,,,,,,
,,20050429,,,,,,,,
,,20060519,,,,,,,,
,,20060519,,,,,,,,
,,20061024,,,,,,,,
,,20101011,,,,,,,,
,,20101104,,,,,,,,
,,20100624,,,,,,,,
,,20040713,,,,,,,,
,,20041008,,,,,,,,
,,20041025,,,,,,,,
,,20041030,,,,,,,,
,,20040722,,,,,,,,
,,20041203,,,,,,,,
,,20041227,,,,,,,,
,,20080410,,,,,,,,
,,20080414,,,,,,,,
,,20080709,,,,,,,,
,,20080728,,,,,,,,
,,20080812,,,,,,,,
,,19740524,,,,,,,,
,,20061120,,,,,,,,
,,20061227,,,,,,,,
,,20120627,,,,,,,,
,,20160401,,,,,,,,
,,19930812,,,,,,,,
,,19930816,,,,,,,,
,,19931004,,,,,,,,
,,19940418,,,,,,,,
,,20000106,,,,,,,,
,,20100722,,,,,,,,
,,20100330,,,,,,,,
,,19970710,,,,,,,,
,,20011009,,,,,,,,
,,20010104,,,,,,,,
,,20050112,,,,,,,,
,,20050418,,,,,,,,
,,20051024,,,,,,,,
,,20051028,,,,,,,,
,,20060110,,,,,,,,
,,19991005,,,,,,,,
,,20020923,,,,,,,,
,,20021008,,,,,,,,
,,20120530,,,,,,,,
,,20040103,,,,,,,,
,,20100609,,,,,,,,
,,20100726,,,,,,,,
,,20130830,,,,,,,,
,,19980214,,,,,,,,
,,19980603,,,,,,,,
,,19990226,,,,,,,,
,,20021004,,,,,,,,
,,20040706,,,,,,,,
,,20041015,,,,,,,,
,,20040406,,,,,,,,
,,20111010,,,,,,,,
,,20050330,,,,,,,,
,,20050613,,,,,,,,
,,20110425,,,,,,,,
,,20080411,,,,,,,,
,,20030512,,,,,,,,
,,20030901,,,,,,,,
,,20031103,,,,,,,,
,,20070625,,,,,,,,
,,20071015,,,,,,,,
,,20071210,,,,,,,,
,,20080418,,,,,,,,
,,19911101,,,,,,,,
,,20070105,,,,,,,,
,,19960110,,,,,,,,
,,20011106,,,,,,,,
,,19980513,,,,,,,,
,,20060126,,,,,,,,
,,20071115,,,,,,,,
,,19940516,,,,,,,,
,,20030212,,,,,,,,
,,19900413,,,,,,,,
,,20040224,,,,,,,,
,,20080917,,,,,,,,
,,20000110,,,,,,,,
,,20000508,,,,,,,,
,,20120709,,,,,,,,
,,20120913,,,,,,,,
,,20110303,,,,,,,,
,,20101227,,,,,,,,
,,20110728,,,,,,,,
,,20040806,,,,,,,,
,,20130514,,,,,,,,
,,20071030,,,,,,,,
,,19770115,,,,,,,,
,,20040103,,,,,,,,
,,20120119,,,,,,,,
,,20071128,,,,,,,,
,,20100311,,,,,,,,
,,20140124,,,,,,,,
,,20080911,,,,,,,,
,,19980415,,,,,,,,
,,19930323,,,,,,,,
,,19970823,,,,,,,,
,,19971211,,,,,,,,
,,19980113,,,,,,,,
,,20121031,,,,,,,,
,,20120730,,,,,,,,
,,20110509,,,,,,,,
,,20101020,,,,,,,,
,,20040902,,,,,,,,
,,20100927,,,,,,,,
,,20061107,,,,,,,,
,,20060126,,,,,,,,
,,20090331,,,,,,,,
,,20021101,,,,,,,,
,,20090723,,,,,,,,
,,20070302,,,,,,,,
,,20070312,,,,,,,,
,,20130716,,,,,,,,
,,20020319,,,,,,,,
,,20090211,,,,,,,,
,,20080902,,,,,,,,
,,20081216,,,,,,,,
,,20030113,,,,,,,,
,,20030207,,,,,,,,
,,20030430,,,,,,,,
,,19960803,,,,,,,,
,,19960810,,,,,,,,
,,19961202,,,,,,,,
,,19970123,,,,,,,,
,,19970125,,,,,,,,
,,19970610,,,,,,,,
,,20010824,,,,,,,,
,,19890704,,,,,,,,
,,19901204,,,,,,,,
,,20040113,,,,,,,,
,,20040309,,,,,,,,
,,20140422,,,,,,,,
,,20040719,,,,,,,,
,,20020608,,,,,,,,
,,20040225,,,,,,,,
,,20040324,,,,,,,,
,,20040507,,,,,,,,
,,20040518,,,,,,,,
,,20040615,,,,,,,,
,,19950704,,,,,,,,
,,19990705,,,,,,,,
,,20010424,,,,,,,,
,,20030311,,,,,,,,
,,20030718,,,,,,,,
,,20120418,,,,,,,,
,,20020326,,,,,,,,
,,20021211,,,,,,,,
,,20070309,,,,,,,,
,,19710508,,,,,,,,
,,20160908,,,,,,,,
,,19960710,,,,,,,,
,,20090904,,,,,,,,
,,20100805,,,,,,,,
,,20131205,,,,,,,,
,,19950303,,,,,,,,
,,20070601,,,,,,,,
,,20050721,,,,,,,,
,,20000710,,,,,,,,
,,20020718,,,,,,,,
,,20100920,,,,,,,,
,,20020511,,,,,,,,
,,20080609,,,,,,,,
,,20070903,,,,,,,,
,,20050509,,,,,,,,
,,20030325,,,,,,,,
,,20110624,,,,,,,,
,,20110908,,,,,,,,
,,20140530,,,,,,,,
,,20140227,,,,,,,,
,,20110304,,,,,,,,
,,20021129,,,,,,,,
,,19990712,,,,,,,,
,,20050727,,,,,,,,
,,20120813,,,,,,,,
,,20050516,,,,,,,,
,,20010413,,,,,,,,
,,20121002,,,,,,,,
,,20120705,,,,,,,,
,,20090420,,,,,,,,
,,19990809,,,,,,,,
,,20080418,,,,,,,,
,,20040628,,,,,,,,
,,20030311,,,,,,,,
,,20141216,,,,,,,,
,,20160422,,,,,,,,
,,20130613,,,,,,,,
,,20001025,,,,,,,,
,,20040109,,,,,,,,
,,20060428,,,,,,,,
,,20060901,,,,,,,,
,,19950825,,,,,,,,
,,19970602,,,,,,,,
,,19981202,,,,,,,,
,,20010518,,,,,,,,
,,20020710,,,,,,,,
,,20060213,,,,,,,,
,,20060529,,,,,,,,
,,20060915,,,,,,,,
,,20080528,,,,,,,,
,,20080728,,,,,,,,
,,20080728,,,,,,,,
,,20030224,,,,,,,,
,,20050402,,,,,,,,
,,19950906,,,,,,,,
,,20130611,,,,,,,,
,,20110519,,,,,,,,
,,19981202,,,,,,,,
,,20030221,,,,,,,,
,,20071228,,,,,,,,
,,20060310,,,,,,,,
,,20030516,,,,,,,,
,,20030516,,,,,,,,
,,20030521,,,,,,,,
,,20031201,,,,,,,,
,,20000530,,,,,,,,
,,20050930,,,,,,,,
,,20040825,,,,,,,,
,,20031010,,,,,,,,
,,20020917,,,,,,,,
,,19850801,,,,,,,,
,,20040326,,,,,,,,
,,20011229,,,,,,,,
,,20060901,,,,,,,,
,,20060120,,,,,,,,
,,19930724,,,,,,,,
,,20080520,,,,,,,,
,,20061012,,,,,,,,
,,19970215,,,,,,,,
,,20061018,,,,,,,,
,,20041006,,,,,,,,
,,20041203,,,,,,,,
,,20020129,,,,,,,,
,,20100216,,,,,,,,
,,20030320,,,,,,,,
,,20080923,,,,,,,,
,,19960625,,,,,,,,
,,20130822,,,,,,,,
,,20061228,,,,,,,,
,,20031208,,,,,,,,
,,20060721,,,,,,,,
,,20080407,,,,,,,,
,,19870228,,,,,,,,
,,19900313,,,,,,,,
,,20000929,,,,,,,,
,,20040719,,,,,,,,
,,20020419,,,,,,,,
,,19940331,,,,,,,,
,,20041204,,,,,,,,
,,19990908,,,,,,,,
,,20080709,,,,,,,,
,,19950519,,,,,,,,
,,20130429,,,,,,,,
,,20010409,,,,,,,,
,,20061115,,,,,,,,
,,20080229,,,,,,,,
,,20030701,,,,,,,,
,,19930803,,,,,,,,
,,19930621,,,,,,,,
,,20010409,,,,,,,,
,,20150914,,,,,,,,
,,20070503,,,,,,,,
,,20100526,,,,,,,,
,,20060314,,,,,,,,
,,19990803,,,,,,,,
,,20150818,,,,,,,,
,,20040316,,,,,,,,
,,20040316,,,,,,,,
,,20071108,,,,,,,,
,,20060111,,,,,,,,
,,20060307,,,,,,,,
,,20020306,,,,,,,,
,,20050616,,,,,,,,
,,20080919,,,,,,,,
,,20030901,,,,,,,,
,,19970220,,,,,,,,
,,20141121,,,,,,,,
,,20110214,,,,,,,,
,,19990206,,,,,,,,
,,19960603,,,,,,,,
,,20100205,,,,,,,,
,,19961104,,,,,,,,
,,19961008,,,,,,,,
,,20010702,,,,,,,,
,,20101005,,,,,,,,
,,20100429,,,,,,,,
,,20010702,,,,,,,,
,,20040511,,,,,,,,
,,20030122,,,,,,,,
,,20040128,,,,,,,,
,,19920423,,,,,,,,
,,20140912,,,,,,,,
,,20120816,,,,,,,,
,,20110503,,,,,,,,
,,20110119,,,,,,,,
,,20070111,,,,,,,,
,,19950202,,,,,,,,
,,19881201,,,,,,,,
,,20090717,,,,,,,,
,,20040702,,,,,,,,
,,20060901,,,,,,,,
,,20120925,,,,,,,,
,,19910427,,,,,,,,
,,20130520,,,,,,,,
,,20130110,,,,,,,,
,,20121114,,,,,,,,
,,20121210,,,,,,,,
,,20110214,,,,,,,,
,,20091019,,,,,,,,
,,19810501,,,,,,,,
,,20020326,,,,,,,,
,,20010212,,,,,,,,
,,20020917,,,,,,,,
,,19820107,,,,,,,,
,,20070528,,,,,,,,
,,20041227,,,,,,,,
,,20060701,,,,,,,,
,,19951204,,,,,,,,
,,20020923,,,,,,,,
,,19991208,,,,,,,,
,,19910622,,,,,,,,
,,19930810,,,,,,,,
,,20021104,,,,,,,,
,,19961227,,,,,,,,
,,19950906,,,,,,,,
,,19960216,,,,,,,,
,,19961024,,,,,,,,
,,20080331,,,,,,,,
,,20040102,,,,,,,,
,,20160420,,,,,,,,
,,20060427,,,,,,,,
,,20030722,,,,,,,,
,,20060102,,,,,,,,
,,20071102,,,,,,,,
,,20030512,,,,,,,,
,,20041227,,,,,,,,
,,20020508,,,,,,,,
,,20040119,,,,,,,,
,,20050413,,,,,,,,
,,20010425,,,,,,,,
,,19930209,,,,,,,,
,,19960605,,,,,,,,
,,19960605,,,,,,,,
,,20091223,,,,,,,,
,,20080325,,,,,,,,
,,20070227,,,,,,,,
,,20011023,,,,,,,,
,,20080910,,,,,,,,
,,20130620,,,,,,,,
,,20130620,,,,,,,,
,,20110713,,,,,,,,
,,19990515,,,,,,,,
,,20100107,,,,,,,,
,,20070316,,,,,,,,
,,20090102,,,,,,,,
,,20081015,,,,,,,,
,,20081110,,,,,,,,
,,20081007,,,,,,,,
,,20040701,,,,,,,,
,,20031208,,,,,,,,
,,20040130,,,,,,,,
,,20080117,,,,,,,,
,,19981130,,,,,,,,
,,20060626,,,,,,,,
,,20030714,,,,,,,,
,,20020202,,,,,,,,
,,20090821,,,,,,,,
,,20020409,,,,,,,,
,,20110524,,,,,,,,
,,20110728,,,,,,,,
,,20091106,,,,,,,,
,,20100401,,,,,,,,
,,20081014,,,,,,,,
,,20120418,,,,,,,,
,,20080918,,,,,,,,
,,20041101,,,,,,,,
,,20080731,,,,,,,,
,,20130819,,,,,,,,
,,19950303,,,,,,,,
,,20100604,,,,,,,,
,,20131203,,,,,,,,
,,20080603,,,,,,,,
,,20111227,,,,,,,,
,,20070626,,,,,,,,
,,20051117,,,,,,,,
,,20050221,,,,,,,,
,,20050207,,,,,,,,
,,20040913,,,,,,,,
,,20101101,,,,,,,,
,,19930111,,,,,,,,
,,20070507,,,,,,,,
,,20031009,,,,,,,,
,,20121129,,,,,,,,
,,19990609,,,,,,,,
,,20000601,,,,,,,,
,,20080828,,,,,,,,
,,20010104,,,,,,,,
,,20060404,,,,,,,,
,,20070531,,,,,,,,
,,20030930,,,,,,,,
,,20070816,,,,,,,,
,,20100201,,,,,,,,
,,20081125,,,,,,,,
,,20030514,,,,,,,,
,,20030930,,,,,,,,
,,20130515,,,,,,,,
,,20130321,,,,,,,,
,,19830423,,,,,,,,
,,19930920,,,,,,,,
,,19950304,,,,,,,,
,,20040330,,,,,,,,
,,20030204,,,,,,,,
,,20031201,,,,,,,,
,,19980126,,,,,,,,
,,20040713,,,,,,,,
,,20040531,,,,,,,,
,,20080318,,,,,,,,
,,20080530,,,,,,,,
,,20080704,,,,,,,,
,,20060427,,,,,,,,
,,20060807,,,,,,,,
,,19980703,,,,,,,,
,,20020820,,,,,,,,
,,20150223,,,,,,,,
,,20150115,,,,,,,,
,,19970528,,,,,,,,
,,20100217,,,,,,,,
,,20090429,,,,,,,,
,,20070620,,,,,,,,
,,20040406,,,,,,,,
,,20050728,,,,,,,,
,,20060619,,,,,,,,
,,20060517,,,,,,,,
,,20040816,,,,,,,,
,,20021004,,,,,,,,
,,20020129,,,,,,,,
,,20080602,,,,,,,,
,,20050521,,,,,,,,
,,20060904,,,,,,,,
,,20050325,,,,,,,,
,,20020129,,,,,,,,
,,20050104,,,,,,,,
,,19960409,,,,,,,,
,,20071011,,,,,,,,
,,20051206,,,,,,,,
,,19850910,,,,,,,,
,,20070827,,,,,,,,
,,20060922,,,,,,,,
,,19940822,,,,,,,,
,,20010721,,,,,,,,
,,20071011,,,,,,,,
,,20070323,,,,,,,,
,,20030320,,,,,,,,
,,20030419,,,,,,,,
,,20050705,,,,,,,,
,,19960824,,,,,,,,
,,20060901,,,,,,,,
,,20050530,,,,,,,,
,,20021127,,,,,,,,
,,20120130,,,,,,,,
,,20090402,,,,,,,,
,,20130726,,,,,,,,
,,20111227,,,,,,,,
,,19900313,,,,,,,,
,,19900320,,,,,,,,
,,20011019,,,,,,,,
,,19980302,,,,,,,,
,,20030512,,,,,,,,
,,20080422,,,,,,,,
,,20010831,,,,,,,,
,,20030901,,,,,,,,
,,19970407,,,,,,,,
,,20061212,,,,,,,,
,,20050518,,,,,,,,
,,20060515,,,,,,,,
,,20061025,,,,,,,,
,,20030401,,,,,,,,
,,20040706,,,,,,,,
,,20030401,,,,,,,,
,,20020829,,,,,,,,
,,20021025,,,,,,,,
,,19980228,,,,,,,,
,,19950921,,,,,,,,
,,19970303,,,,,,,,
,,20071228,,,,,,,,
,,20080117,,,,,,,,
,,20080331,,,,,,,,
,,20080609,,,,,,,,
,,19890223,,,,,,,,
,,20080311,,,,,,,,
,,20020510,,,,,,,,
,,20071101,,,,,,,,
,,20030311,,,,,,,,
,,20050728,,,,,,,,
,,20020711,,,,,,,,
,,20051206,,,,,,,,
,,20030607,,,,,,,,
,,20030620,,,,,,,,
,,20080630,,,,,,,,
,,19970513,,,,,,,,
,,20040817,,,,,,,,
,,20031118,,,,,,,,
,,19960515,,,,,,,,
,,20031201,,,,,,,,
,,19981207,,,,,,,,
,,20051012,,,,,,,,
,,20031218,,,,,,,,
,,19950302,,,,,,,,
,,20050531,,,,,,,,
,,20080214,,,,,,,,
,,20031110,,,,,,,,
,,19981204,,,,,,,,
,,20050908,,,,,,,,
,,20070112,,,,,,,,
,,20050609,,,,,,,,
,,20060414,,,,,,,,
,,20030407,,,,,,,,
,,20050916,,,,,,,,
,,20021127,,,,,,,,
,,20040326,,,,,,,,
,,20030204,,,,,,,,
,,20030113,,,,,,,,
,,20020807,,,,,,,,
,,20040429,,,,,,,,
,,20060509,,,,,,,,
,,20050902,,,,,,,,
,,20011121,,,,,,,,
,,20060626,,,,,,,,
,,20040531,,,,,,,,
,,20020515,,,,,,,,
,,20070405,,,,,,,,
,,20011024,,,,,,,,
,,20050516,,,,,,,,
,,20061011,,,,,,,,
,,20020319,,,,,,,,
,,20061016,,,,,,,,
,,20020720,,,,,,,,
,,20060616,,,,,,,,
,,20040414,,,,,,,,
,,19820512,,,,,,,,
,,20100315,,,,,,,,
,,20020705,,,,,,,,
,,20021029,,,,,,,,
,,20021030,,,,,,,,
,,20030422,,,,,,,,
,,19980522,,,,,,,,
,,20060309,,,,,,,,
,,20060418,,,,,,,,
,,20060421,,,,,,,,
,,20070105,,,,,,,,
,,20031118,,,,,,,,
,,20040130,,,,,,,,
,,20040615,,,,,,,,
,,20041204,,,,,,,,
,,20010913,,,,,,,,
,,20011211,,,,,,,,
,,20050331,,,,,,,,
,,19981208,,,,,,,,
,,20000122,,,,,,,,
,,20070212,,,,,,,,
,,20070501,,,,,,,,
,,20070607,,,,,,,,
,,20070711,,,,,,,,
,,20040214,,,,,,,,
,,20050228,,,,,,,,
,,20010227,,,,,,,,
,,20020820,,,,,,,,
,,20020820,,,,,,,,
,,20020907,,,,,,,,
,,20020914,,,,,,,,
,,20030212,,,,,,,,
,,19800222,,,,,,,,
,,19860522,,,,,,,,
,,19870303,,,,,,,,
,,20060324,,,,,,,,
,,20061129,,,,,,,,
,,19980116,,,,,,,,
,,20070810,,,,,,,,
,,20060922,,,,,,,,
,,20071207,,,,,,,,
,,20050422,,,,,,,,
,,20050521,,,,,,,,
,,20051005,,,,,,,,
,,20060228,,,,,,,,
,,20020131,,,,,,,,
,,20020315,,,,,,,,
,,20050430,,,,,,,,
,,20050430,,,,,,,,
,,19981130,,,,,,,,
,,20000607,,,,,,,,
,,20040309,,,,,,,,
,,20040705,,,,,,,,
,,20041020,,,,,,,,
,,19940418,,,,,,,,
,,19980205,,,,,,,,
,,19931012,,,,,,,,
,,20020829,,,,,,,,
,,19920429,,,,,,,,
,,19710503,,,,,,,,
